# unix_time, cycles_done, cur_path, paths_total, pending_total, pending_favs, map_size, unique_crashes, unique_hangs, max_depth, execs_per_sec, valid_inputs, invalid_inputs, valid_cov
1669934134, 0, 0, 1, 0, 0, 0.89%, 0, 0, 0, 2.06, 1, 0, 0.89%
1669934135, 0, 0, 28, 0, 0, 1.95%, 0, 0, 0, 190.16, 34, 25, 1.78%
1669934135, 0, 0, 40, 0, 0, 1.98%, 0, 0, 0, 246.67, 79, 54, 1.84%
1669934135, 0, 0, 56, 0, 0, 2.10%, 1, 0, 0, 488.37, 168, 112, 1.97%
1669934136, 0, 2, 78, 0, 0, 2.25%, 1, 0, 0, 420.53, 231, 176, 2.05%
1669934136, 0, 2, 93, 0, 0, 2.29%, 1, 0, 0, 405.94, 313, 217, 2.11%
1669934136, 0, 2, 107, 0, 0, 2.32%, 1, 0, 0, 350.65, 387, 251, 2.13%
1669934137, 0, 3, 117, 0, 0, 2.33%, 1, 0, 0, 312.29, 462, 270, 2.16%
1669934137, 0, 3, 121, 0, 0, 2.35%, 1, 0, 0, 239.34, 531, 274, 2.19%
1669934137, 0, 3, 125, 0, 0, 2.35%, 1, 0, 0, 274.83, 601, 287, 2.19%
1669934137, 0, 4, 128, 0, 0, 2.41%, 1, 0, 0, 293.73, 653, 324, 2.29%
1669934138, 0, 6, 132, 0, 0, 2.41%, 1, 0, 0, 443.71, 709, 402, 2.29%
1669934138, 0, 8, 136, 0, 0, 2.43%, 1, 0, 0, 467.53, 792, 463, 2.33%
1669934138, 0, 8, 141, 0, 0, 2.43%, 1, 0, 0, 110.75, 793, 496, 2.33%
1669934139, 0, 9, 144, 0, 0, 2.43%, 1, 0, 0, 106.67, 796, 525, 2.34%
1669934139, 0, 10, 150, 0, 0, 2.44%, 1, 0, 0, 481.85, 880, 587, 2.34%
1669934139, 0, 13, 156, 0, 0, 2.45%, 1, 0, 0, 410.00, 964, 626, 2.38%
1669934140, 0, 13, 162, 0, 0, 2.45%, 1, 0, 0, 214.52, 1010, 645, 2.38%
1669934140, 0, 15, 164, 0, 0, 2.45%, 1, 0, 0, 357.62, 1077, 686, 2.38%
1669934140, 0, 15, 171, 0, 0, 2.45%, 1, 0, 0, 503.31, 1166, 749, 2.38%
1669934140, 0, 16, 178, 0, 0, 2.45%, 1, 0, 0, 571.43, 1265, 822, 2.39%
1669934141, 0, 16, 182, 0, 0, 2.45%, 1, 0, 0, 633.33, 1380, 897, 2.39%
1669934141, 0, 17, 184, 0, 0, 2.45%, 1, 0, 0, 578.07, 1487, 964, 2.40%
1669934141, 0, 20, 194, 0, 0, 2.45%, 1, 0, 0, 548.17, 1586, 1030, 2.40%
1669934142, 0, 21, 199, 0, 0, 2.48%, 1, 0, 0, 579.47, 1673, 1118, 2.43%
1669934142, 0, 21, 206, 0, 0, 2.48%, 1, 0, 0, 205.30, 1714, 1139, 2.44%
1669934142, 0, 21, 213, 0, 0, 2.48%, 1, 0, 0, 208.61, 1756, 1160, 2.44%
1669934143, 0, 21, 218, 0, 0, 2.50%, 1, 0, 0, 244.22, 1805, 1185, 2.44%
1669934143, 0, 21, 219, 0, 0, 2.50%, 1, 0, 0, 212.62, 1847, 1207, 2.44%
1669934143, 0, 21, 224, 0, 0, 2.50%, 1, 0, 0, 246.75, 1895, 1235, 2.44%
1669934143, 0, 24, 229, 0, 0, 2.50%, 1, 0, 0, 548.17, 1995, 1300, 2.44%
1669934144, 0, 26, 229, 0, 0, 2.50%, 1, 0, 0, 640.00, 2118, 1369, 2.44%
1669934144, 0, 26, 231, 0, 0, 2.50%, 1, 0, 0, 640.00, 2241, 1438, 2.44%
1669934144, 0, 28, 232, 0, 0, 2.50%, 1, 0, 0, 636.67, 2355, 1515, 2.44%
1669934145, 0, 30, 237, 0, 0, 2.50%, 2, 0, 0, 466.67, 2461, 1549, 2.44%
1669934145, 0, 30, 238, 0, 0, 2.50%, 2, 0, 0, 490.00, 2554, 1603, 2.44%
1669934145, 0, 31, 240, 0, 0, 2.50%, 2, 0, 0, 476.82, 2654, 1647, 2.44%
1669934146, 0, 31, 244, 0, 0, 2.50%, 2, 0, 0, 460.00, 2747, 1692, 2.44%
1669934146, 0, 33, 246, 0, 0, 2.50%, 3, 0, 0, 518.27, 2845, 1750, 2.44%
1669934146, 0, 33, 248, 0, 0, 2.50%, 3, 0, 0, 455.15, 2931, 1801, 2.44%
1669934146, 0, 38, 249, 0, 0, 2.50%, 3, 0, 0, 509.80, 3019, 1869, 2.44%
1669934147, 0, 38, 250, 0, 0, 2.50%, 3, 0, 0, 610.00, 3138, 1933, 2.44%
1669934147, 0, 39, 251, 0, 0, 2.50%, 3, 0, 0, 638.44, 3263, 2004, 2.44%
1669934147, 0, 40, 254, 0, 0, 2.50%, 3, 0, 0, 540.00, 3335, 2094, 2.44%
1669934148, 0, 42, 254, 0, 0, 2.50%, 3, 0, 0, 552.98, 3421, 2175, 2.44%
1669934148, 0, 43, 256, 0, 0, 2.50%, 3, 0, 0, 533.11, 3527, 2230, 2.44%
1669934148, 0, 45, 256, 0, 0, 2.50%, 4, 0, 0, 205.98, 3571, 2248, 2.44%
1669934149, 0, 45, 258, 0, 0, 2.50%, 4, 0, 0, 198.68, 3609, 2270, 2.44%
1669934149, 0, 45, 261, 0, 0, 2.50%, 5, 0, 0, 197.41, 3660, 2280, 2.44%
1669934149, 0, 48, 261, 0, 0, 2.50%, 5, 0, 0, 210.53, 3705, 2299, 2.44%
1669934150, 0, 48, 261, 0, 0, 2.50%, 5, 0, 0, 229.24, 3749, 2324, 2.44%
1669934150, 0, 49, 261, 0, 0, 2.50%, 5, 0, 0, 534.88, 3860, 2374, 2.44%
1669934150, 0, 50, 264, 0, 0, 2.51%, 6, 0, 0, 598.01, 3975, 2439, 2.45%
1669934150, 0, 50, 267, 0, 0, 2.51%, 6, 0, 0, 481.73, 4088, 2471, 2.45%
1669934151, 0, 51, 271, 0, 0, 2.51%, 7, 0, 0, 490.00, 4191, 2515, 2.46%
1669934151, 0, 52, 274, 0, 0, 2.51%, 7, 0, 0, 411.76, 4284, 2548, 2.46%
1669934151, 0, 52, 278, 0, 0, 2.51%, 8, 0, 0, 443.33, 4383, 2582, 2.46%
1669934152, 0, 53, 279, 0, 0, 2.51%, 8, 0, 0, 430.00, 4470, 2624, 2.46%
1669934152, 0, 53, 279, 0, 0, 2.51%, 8, 0, 0, 571.43, 4583, 2683, 2.46%
1669934152, 0, 56, 282, 0, 0, 2.51%, 8, 0, 0, 433.33, 4666, 2730, 2.46%
1669934153, 0, 56, 284, 0, 0, 2.52%, 9, 0, 0, 301.64, 4734, 2754, 2.46%
1669934153, 0, 56, 286, 0, 0, 2.52%, 9, 0, 0, 313.33, 4793, 2789, 2.46%
1669934153, 0, 57, 287, 0, 0, 2.52%, 9, 0, 0, 199.34, 4839, 2803, 2.46%
1669934153, 0, 57, 287, 0, 0, 2.52%, 10, 0, 0, 189.54, 4879, 2821, 2.46%
1669934154, 0, 60, 289, 0, 0, 2.52%, 10, 0, 0, 289.04, 4943, 2844, 2.46%
1669934154, 0, 60, 289, 0, 0, 2.52%, 10, 0, 0, 486.67, 5037, 2896, 2.46%
1669934154, 0, 69, 291, 0, 0, 2.52%, 10, 0, 0, 526.67, 5114, 2977, 2.46%
1669934155, 0, 69, 291, 0, 0, 2.52%, 10, 0, 0, 531.56, 5225, 3026, 2.46%
1669934155, 0, 72, 294, 0, 0, 2.52%, 10, 0, 0, 388.16, 5308, 3061, 2.46%
1669934155, 0, 73, 297, 0, 0, 2.52%, 10, 0, 0, 363.04, 5385, 3094, 2.46%
1669934156, 0, 73, 299, 0, 0, 2.52%, 10, 0, 0, 390.00, 5455, 3141, 2.46%
1669934156, 0, 73, 300, 0, 0, 2.52%, 11, 0, 0, 378.74, 5528, 3182, 2.46%
1669934156, 0, 74, 301, 0, 0, 2.52%, 11, 0, 0, 450.00, 5626, 3219, 2.46%
1669934156, 0, 74, 304, 0, 0, 2.52%, 11, 0, 0, 433.77, 5715, 3261, 2.46%
1669934157, 0, 76, 306, 0, 0, 2.52%, 12, 0, 0, 388.70, 5783, 3310, 2.46%
1669934157, 0, 76, 310, 0, 0, 2.52%, 12, 0, 0, 355.48, 5864, 3336, 2.46%
1669934157, 0, 76, 310, 0, 0, 2.52%, 12, 0, 0, 346.53, 5944, 3361, 2.46%
1669934158, 0, 76, 311, 0, 0, 2.52%, 12, 0, 0, 326.73, 6014, 3390, 2.46%
1669934158, 0, 76, 312, 0, 0, 2.52%, 12, 0, 0, 308.97, 6080, 3417, 2.46%
1669934158, 0, 77, 314, 0, 0, 2.52%, 12, 0, 0, 490.00, 6184, 3460, 2.46%
1669934159, 0, 77, 314, 0, 0, 2.52%, 13, 0, 0, 523.33, 6288, 3513, 2.46%
1669934159, 0, 83, 315, 0, 0, 2.52%, 13, 0, 0, 495.08, 6392, 3560, 2.46%
1669934159, 0, 83, 316, 0, 0, 2.52%, 13, 0, 0, 443.33, 6478, 3607, 2.46%
1669934159, 0, 83, 318, 0, 0, 2.52%, 13, 0, 0, 444.44, 6556, 3665, 2.46%
1669934160, 0, 86, 319, 0, 0, 2.52%, 13, 0, 0, 478.41, 6646, 3719, 2.46%
1669934160, 0, 86, 320, 0, 0, 2.52%, 13, 0, 0, 473.51, 6745, 3763, 2.47%
1669934160, 0, 88, 321, 0, 0, 2.52%, 13, 0, 0, 400.00, 6825, 3803, 2.47%
1669934161, 0, 88, 322, 0, 0, 2.52%, 13, 0, 0, 413.33, 6911, 3841, 2.47%
1669934161, 0, 88, 324, 0, 0, 2.52%, 14, 0, 0, 441.86, 7002, 3883, 2.47%
1669934161, 0, 89, 324, 0, 0, 2.52%, 14, 0, 0, 463.33, 7092, 3932, 2.47%
1669934162, 0, 89, 326, 0, 0, 2.52%, 15, 0, 0, 450.00, 7182, 3977, 2.47%
1669934162, 0, 93, 327, 0, 0, 2.52%, 15, 0, 0, 436.67, 7246, 4044, 2.47%
1669934162, 0, 93, 329, 0, 0, 2.54%, 15, 0, 0, 344.05, 7324, 4073, 2.47%
1669934162, 0, 93, 330, 0, 0, 2.55%, 15, 0, 0, 338.87, 7399, 4100, 2.47%
1669934163, 0, 93, 331, 0, 0, 2.55%, 15, 0, 0, 343.23, 7476, 4127, 2.47%
1669934163, 0, 96, 332, 0, 0, 2.55%, 15, 0, 0, 317.88, 7545, 4154, 2.47%
1669934163, 0, 96, 333, 0, 0, 2.55%, 17, 0, 0, 406.56, 7639, 4184, 2.47%
1669934164, 0, 96, 333, 0, 0, 2.55%, 17, 0, 0, 400.66, 7723, 4221, 2.47%
1669934164, 0, 99, 334, 0, 0, 2.55%, 18, 0, 0, 339.81, 7790, 4259, 2.47%
1669934164, 0, 101, 334, 0, 0, 2.55%, 18, 0, 0, 354.30, 7855, 4301, 2.47%
1669934165, 0, 101, 334, 0, 0, 2.55%, 18, 0, 0, 417.22, 7949, 4333, 2.47%
1669934165, 0, 102, 335, 0, 0, 2.55%, 18, 0, 0, 400.66, 8038, 4365, 2.47%
1669934165, 0, 104, 336, 0, 0, 2.55%, 18, 0, 0, 504.98, 8137, 4418, 2.47%
1669934166, 0, 105, 338, 0, 0, 2.55%, 18, 0, 0, 583.33, 8258, 4472, 2.47%
1669934166, 0, 105, 339, 0, 0, 2.55%, 18, 0, 0, 754.15, 8404, 4553, 2.47%
1669934166, 0, 107, 339, 0, 0, 2.55%, 18, 0, 0, 423.84, 8486, 4599, 2.47%
1669934166, 0, 107, 339, 0, 0, 2.55%, 19, 0, 0, 343.33, 8556, 4632, 2.47%
1669934167, 0, 107, 339, 0, 0, 2.55%, 19, 0, 0, 344.37, 8634, 4658, 2.47%
1669934167, 0, 109, 340, 0, 0, 2.55%, 19, 0, 0, 208.33, 8677, 4680, 2.47%
1669934167, 0, 109, 343, 0, 0, 2.55%, 19, 0, 0, 114.38, 8704, 4688, 2.47%
1669934168, 0, 109, 344, 0, 0, 2.55%, 19, 0, 0, 101.31, 8730, 4693, 2.47%
1669934168, 0, 109, 344, 0, 0, 2.55%, 19, 0, 0, 109.63, 8758, 4698, 2.47%
1669934168, 0, 109, 345, 0, 0, 2.55%, 19, 0, 0, 92.41, 8783, 4701, 2.47%
1669934169, 0, 111, 345, 0, 0, 2.55%, 19, 0, 0, 183.33, 8824, 4715, 2.47%
1669934169, 0, 111, 346, 0, 0, 2.55%, 19, 0, 0, 376.67, 8904, 4748, 2.47%
1669934169, 0, 111, 347, 0, 0, 2.55%, 19, 0, 0, 367.55, 8989, 4774, 2.47%
1669934169, 0, 113, 348, 0, 0, 2.55%, 19, 0, 0, 418.60, 9074, 4815, 2.47%
1669934170, 0, 114, 348, 0, 0, 2.55%, 19, 0, 0, 441.86, 9156, 4866, 2.47%
1669934170, 0, 114, 349, 0, 0, 2.55%, 19, 0, 0, 400.00, 9230, 4912, 2.47%
1669934170, 0, 117, 351, 0, 0, 2.55%, 19, 0, 0, 294.30, 9280, 4955, 2.47%
1669934171, 0, 117, 352, 0, 0, 2.55%, 19, 0, 0, 259.62, 9332, 4984, 2.47%
1669934171, 0, 119, 353, 0, 0, 2.55%, 19, 0, 0, 221.12, 9376, 5007, 2.47%
1669934171, 0, 119, 353, 0, 0, 2.55%, 19, 0, 0, 216.05, 9425, 5028, 2.47%
1669934172, 0, 120, 353, 0, 0, 2.55%, 19, 0, 0, 222.59, 9479, 5041, 2.47%
1669934172, 0, 120, 354, 0, 0, 2.55%, 19, 0, 0, 236.67, 9532, 5059, 2.47%
1669934172, 0, 120, 354, 0, 0, 2.55%, 19, 0, 0, 241.83, 9591, 5074, 2.47%
1669934173, 0, 120, 356, 0, 0, 2.55%, 19, 0, 0, 263.33, 9649, 5095, 2.47%
1669934173, 0, 126, 357, 0, 0, 2.55%, 19, 0, 0, 215.95, 9693, 5116, 2.47%
1669934173, 0, 126, 358, 0, 0, 2.55%, 19, 0, 0, 254.97, 9740, 5146, 2.47%
1669934173, 0, 130, 358, 0, 0, 2.55%, 19, 0, 0, 299.00, 9778, 5198, 2.47%
1669934174, 0, 130, 358, 0, 0, 2.55%, 20, 0, 0, 334.43, 9849, 5229, 2.47%
1669934174, 0, 131, 359, 0, 0, 2.55%, 20, 0, 0, 445.18, 9940, 5272, 2.47%
1669934174, 0, 131, 359, 0, 0, 2.55%, 20, 0, 0, 542.76, 10048, 5329, 2.47%
1669934175, 0, 132, 361, 0, 0, 2.55%, 21, 0, 0, 506.58, 10164, 5367, 2.47%
1669934175, 0, 132, 361, 0, 0, 2.55%, 22, 0, 0, 471.76, 10270, 5403, 2.47%
1669934175, 0, 133, 361, 0, 0, 2.55%, 22, 0, 0, 290.85, 10345, 5417, 2.47%
1669934176, 0, 134, 363, 0, 0, 2.55%, 22, 0, 0, 249.17, 10398, 5439, 2.47%
1669934176, 0, 134, 363, 0, 0, 2.55%, 23, 0, 0, 232.79, 10444, 5464, 2.47%
1669934176, 0, 134, 363, 0, 0, 2.55%, 23, 0, 0, 253.33, 10503, 5481, 2.47%
1669934176, 0, 141, 363, 0, 0, 2.55%, 23, 0, 0, 213.33, 10538, 5510, 2.47%
1669934177, 0, 141, 364, 0, 0, 2.55%, 23, 0, 0, 386.67, 10624, 5540, 2.47%
1669934177, 0, 142, 365, 0, 0, 2.55%, 23, 0, 0, 366.34, 10702, 5573, 2.47%
1669934177, 0, 143, 365, 0, 0, 2.55%, 23, 0, 0, 310.00, 10769, 5599, 2.47%
1669934178, 0, 143, 366, 0, 0, 2.55%, 23, 0, 0, 372.09, 10848, 5632, 2.47%
1669934178, 0, 145, 366, 0, 0, 2.55%, 23, 0, 0, 296.67, 10905, 5664, 2.47%
1669934178, 0, 146, 367, 0, 0, 2.55%, 23, 0, 0, 471.95, 11011, 5701, 2.47%
1669934179, 0, 147, 367, 0, 0, 2.55%, 23, 0, 0, 416.67, 11090, 5747, 2.47%
1669934179, 0, 150, 369, 0, 0, 2.55%, 23, 0, 0, 149.50, 11117, 5765, 2.47%
1669934179, 0, 150, 371, 0, 0, 2.55%, 23, 0, 0, 118.42, 11142, 5776, 2.47%
1669934179, 0, 150, 371, 0, 0, 2.55%, 24, 0, 0, 169.44, 11173, 5796, 2.47%
1669934180, 0, 150, 375, 0, 0, 2.55%, 24, 0, 0, 155.63, 11206, 5810, 2.47%
1669934180, 0, 150, 375, 0, 0, 2.55%, 24, 0, 0, 149.50, 11241, 5820, 2.47%
1669934180, 0, 150, 377, 0, 0, 2.55%, 24, 0, 0, 148.51, 11268, 5838, 2.47%
1669934181, 0, 150, 378, 0, 0, 2.55%, 24, 0, 0, 139.61, 11297, 5852, 2.47%
1669934181, 0, 150, 379, 0, 0, 2.55%, 24, 0, 0, 152.82, 11333, 5862, 2.47%
1669934181, 0, 151, 379, 0, 0, 2.55%, 24, 0, 0, 491.69, 11424, 5919, 2.47%
1669934182, 0, 151, 379, 0, 0, 2.55%, 25, 0, 0, 423.33, 11503, 5967, 2.47%
1669934182, 0, 153, 379, 0, 0, 2.55%, 25, 0, 0, 325.66, 11573, 5996, 2.47%
1669934182, 0, 153, 379, 0, 0, 2.55%, 25, 0, 0, 346.67, 11657, 6016, 2.47%
1669934182, 0, 153, 379, 0, 0, 2.55%, 25, 0, 0, 377.85, 11733, 6056, 2.47%
1669934183, 0, 154, 379, 0, 0, 2.55%, 25, 0, 0, 490.13, 11832, 6106, 2.47%
1669934183, 0, 155, 379, 0, 0, 2.55%, 25, 0, 0, 447.02, 11925, 6148, 2.47%
1669934183, 0, 156, 379, 0, 0, 2.55%, 25, 0, 0, 323.43, 11986, 6185, 2.47%
1669934184, 0, 157, 379, 0, 0, 2.55%, 25, 0, 0, 263.16, 12042, 6209, 2.47%
1669934184, 0, 158, 379, 0, 0, 2.55%, 25, 0, 0, 167.76, 12078, 6224, 2.47%
1669934184, 0, 158, 379, 0, 0, 2.55%, 25, 0, 0, 170.49, 12112, 6242, 2.47%
1669934185, 0, 161, 379, 0, 0, 2.55%, 25, 0, 0, 260.00, 12165, 6267, 2.47%
1669934185, 0, 161, 379, 0, 0, 2.55%, 25, 0, 0, 270.00, 12221, 6292, 2.47%
1669934185, 0, 163, 382, 0, 0, 2.55%, 26, 0, 0, 331.13, 12294, 6319, 2.47%
1669934186, 0, 163, 382, 0, 0, 2.55%, 26, 0, 0, 377.48, 12367, 6360, 2.47%
1669934186, 0, 163, 382, 0, 0, 2.55%, 26, 0, 0, 411.96, 12447, 6404, 2.47%
1669934186, 0, 169, 382, 0, 0, 2.55%, 26, 0, 0, 245.03, 12488, 6437, 2.47%
1669934186, 0, 176, 382, 0, 0, 2.55%, 26, 0, 0, 311.26, 12539, 6480, 2.47%
1669934187, 0, 176, 382, 0, 0, 2.55%, 26, 0, 0, 378.74, 12627, 6506, 2.47%
1669934187, 0, 177, 383, 0, 0, 2.55%, 26, 0, 0, 369.77, 12704, 6544, 2.47%
1669934187, 0, 177, 383, 0, 0, 2.55%, 27, 0, 0, 431.89, 12794, 6584, 2.47%
1669934188, 0, 177, 384, 0, 0, 2.55%, 27, 0, 0, 363.04, 12871, 6617, 2.47%
1669934188, 0, 178, 384, 0, 0, 2.55%, 27, 0, 0, 355.48, 12933, 6662, 2.47%
1669934188, 0, 178, 384, 0, 0, 2.55%, 29, 0, 0, 354.30, 12997, 6705, 2.47%
1669934189, 0, 178, 385, 0, 0, 2.55%, 29, 0, 0, 423.33, 13057, 6772, 2.47%
1669934189, 0, 183, 386, 0, 0, 2.55%, 29, 0, 0, 415.28, 13133, 6821, 2.47%
1669934189, 0, 183, 386, 0, 0, 2.55%, 29, 0, 0, 473.51, 13242, 6855, 2.47%
1669934189, 0, 185, 386, 0, 0, 2.55%, 29, 0, 0, 453.64, 13335, 6899, 2.47%
1669934190, 0, 185, 386, 0, 0, 2.55%, 29, 0, 0, 346.67, 13401, 6937, 2.47%
1669934190, 0, 185, 387, 0, 0, 2.55%, 29, 0, 0, 376.67, 13476, 6975, 2.47%
1669934190, 0, 190, 387, 0, 0, 2.55%, 29, 0, 0, 205.98, 13509, 7004, 2.47%
1669934191, 0, 190, 388, 0, 0, 2.55%, 29, 0, 0, 500.00, 13607, 7057, 2.47%
1669934191, 0, 192, 388, 0, 0, 2.55%, 29, 0, 0, 438.54, 13699, 7097, 2.47%
1669934191, 0, 192, 388, 0, 0, 2.55%, 29, 0, 0, 304.64, 13756, 7132, 2.47%
1669934192, 0, 192, 388, 0, 0, 2.55%, 29, 0, 0, 337.75, 13819, 7171, 2.47%
1669934192, 0, 192, 389, 0, 0, 2.55%, 29, 0, 0, 280.76, 13876, 7203, 2.47%
1669934192, 0, 193, 390, 0, 0, 2.55%, 30, 0, 0, 264.90, 13926, 7233, 2.47%
1669934192, 0, 193, 390, 0, 0, 2.55%, 30, 0, 0, 365.45, 14009, 7260, 2.47%
1669934193, 0, 193, 390, 0, 0, 2.55%, 30, 0, 0, 310.00, 14075, 7287, 2.47%
1669934193, 0, 194, 392, 0, 0, 2.55%, 30, 0, 0, 253.25, 14133, 7307, 2.47%
1669934193, 0, 194, 393, 0, 0, 2.55%, 30, 0, 0, 205.30, 14186, 7316, 2.47%
1669934194, 0, 194, 394, 0, 0, 2.55%, 30, 0, 0, 198.68, 14231, 7331, 2.47%
1669934194, 0, 194, 396, 0, 0, 2.55%, 30, 0, 0, 217.82, 14287, 7341, 2.47%
1669934194, 0, 195, 396, 0, 0, 2.55%, 30, 0, 0, 100.98, 14314, 7345, 2.47%
1669934195, 0, 195, 396, 0, 0, 2.55%, 30, 0, 0, 73.09, 14332, 7349, 2.47%
1669934195, 0, 195, 396, 0, 0, 2.55%, 30, 0, 0, 72.61, 14347, 7356, 2.47%
1669934195, 0, 195, 397, 0, 0, 2.56%, 30, 0, 0, 51.36, 14358, 7362, 2.47%
1669934196, 0, 195, 397, 0, 0, 2.56%, 30, 0, 0, 65.42, 14375, 7366, 2.47%
1669934196, 0, 195, 398, 0, 0, 2.56%, 30, 0, 0, 61.49, 14388, 7372, 2.47%
1669934196, 0, 195, 399, 0, 0, 2.56%, 30, 0, 0, 69.31, 14406, 7375, 2.47%
1669934196, 0, 195, 399, 0, 0, 2.56%, 30, 0, 0, 69.77, 14419, 7383, 2.47%
1669934197, 0, 197, 399, 0, 0, 2.56%, 30, 0, 0, 99.67, 14433, 7399, 2.47%
1669934197, 0, 197, 399, 0, 0, 2.56%, 31, 0, 0, 282.39, 14483, 7434, 2.47%
1669934197, 0, 197, 399, 0, 0, 2.56%, 32, 0, 0, 343.23, 14545, 7476, 2.47%
1669934198, 0, 197, 399, 0, 0, 2.56%, 34, 0, 0, 350.00, 14606, 7520, 2.47%
1669934198, 0, 200, 399, 0, 0, 2.56%, 34, 0, 0, 139.53, 14626, 7542, 2.47%
1669934198, 0, 201, 399, 0, 0, 2.56%, 34, 0, 0, 240.92, 14678, 7563, 2.47%
1669934199, 0, 201, 400, 0, 0, 2.56%, 35, 0, 0, 230.00, 14723, 7587, 2.47%
1669934199, 0, 201, 400, 0, 0, 2.56%, 35, 0, 0, 215.95, 14770, 7605, 2.47%
1669934199, 0, 201, 400, 0, 0, 2.56%, 35, 0, 0, 246.67, 14819, 7630, 2.47%
1669934199, 0, 201, 400, 0, 0, 2.56%, 35, 0, 0, 246.67, 14870, 7653, 2.47%
1669934200, 0, 205, 400, 0, 0, 2.56%, 35, 0, 0, 233.33, 14904, 7689, 2.47%
1669934200, 0, 205, 400, 0, 0, 2.56%, 35, 0, 0, 237.62, 14947, 7718, 2.47%
1669934200, 0, 205, 401, 0, 0, 2.56%, 35, 0, 0, 259.14, 14990, 7753, 2.47%
1669934201, 0, 205, 401, 0, 0, 2.56%, 36, 0, 0, 243.42, 15034, 7783, 2.47%
1669934201, 0, 205, 401, 0, 0, 2.56%, 36, 0, 0, 219.27, 15077, 7806, 2.47%
1669934201, 0, 207, 401, 0, 0, 2.56%, 36, 0, 0, 208.61, 15120, 7826, 2.47%
1669934202, 0, 209, 401, 0, 0, 2.56%, 36, 0, 0, 185.43, 15151, 7851, 2.47%
1669934202, 0, 209, 401, 0, 0, 2.56%, 36, 0, 0, 177.63, 15190, 7866, 2.47%
1669934202, 0, 209, 401, 0, 0, 2.56%, 37, 0, 0, 176.47, 15231, 7879, 2.47%
1669934202, 0, 209, 401, 0, 0, 2.56%, 37, 0, 0, 184.21, 15267, 7899, 2.47%
1669934203, 0, 209, 401, 0, 0, 2.56%, 37, 0, 0, 203.33, 15306, 7921, 2.47%
1669934203, 0, 209, 401, 0, 0, 2.56%, 37, 0, 0, 196.08, 15345, 7942, 2.47%
1669934203, 0, 211, 401, 0, 0, 2.56%, 37, 0, 0, 255.81, 15395, 7969, 2.47%
1669934204, 0, 211, 401, 0, 0, 2.56%, 37, 0, 0, 360.93, 15458, 8015, 2.47%
1669934204, 0, 211, 401, 0, 0, 2.56%, 37, 0, 0, 379.87, 15520, 8070, 2.47%
1669934204, 0, 215, 403, 0, 0, 2.56%, 37, 0, 0, 304.92, 15582, 8101, 2.49%
1669934205, 0, 217, 403, 0, 0, 2.56%, 37, 0, 0, 235.88, 15592, 8162, 2.49%
1669934205, 0, 217, 403, 0, 0, 2.56%, 37, 0, 0, 214.29, 15603, 8217, 2.49%
1669934205, 0, 219, 403, 0, 0, 2.56%, 37, 0, 0, 238.10, 15642, 8253, 2.49%
1669934206, 0, 219, 403, 0, 0, 2.56%, 37, 0, 0, 324.59, 15699, 8295, 2.49%
1669934206, 0, 219, 403, 0, 0, 2.56%, 37, 0, 0, 297.03, 15756, 8328, 2.49%
1669934206, 0, 219, 403, 0, 0, 2.56%, 37, 0, 0, 275.75, 15808, 8359, 2.49%
1669934206, 0, 221, 404, 0, 0, 2.56%, 37, 0, 0, 265.78, 15856, 8391, 2.49%
1669934207, 0, 226, 404, 0, 0, 2.56%, 37, 0, 0, 156.15, 15859, 8435, 2.49%
1669934207, 0, 226, 404, 0, 0, 2.56%, 37, 0, 0, 124.18, 15864, 8468, 2.49%
1669934207, 0, 226, 405, 0, 0, 2.56%, 37, 0, 0, 140.00, 15865, 8509, 2.49%
1669934208, 0, 226, 405, 0, 0, 2.56%, 37, 0, 0, 130.00, 15867, 8546, 2.49%
1669934208, 0, 228, 405, 0, 0, 2.56%, 37, 0, 0, 207.92, 15904, 8572, 2.49%
1669934208, 0, 228, 405, 0, 0, 2.56%, 37, 0, 0, 256.58, 15957, 8597, 2.49%
1669934209, 0, 228, 405, 0, 0, 2.56%, 37, 0, 0, 245.03, 16012, 8616, 2.49%
1669934209, 0, 228, 406, 0, 0, 2.56%, 37, 0, 0, 259.87, 16061, 8646, 2.49%
1669934209, 0, 233, 406, 0, 0, 2.56%, 37, 0, 0, 294.70, 16115, 8681, 2.49%
1669934209, 0, 239, 406, 0, 0, 2.56%, 37, 0, 0, 258.28, 16158, 8716, 2.49%
1669934210, 0, 244, 407, 0, 0, 2.56%, 37, 0, 0, 139.53, 16179, 8737, 2.49%
1669934210, 0, 244, 407, 0, 0, 2.56%, 38, 0, 0, 570.00, 16287, 8800, 2.49%
1669934210, 0, 249, 407, 0, 0, 2.56%, 38, 0, 0, 407.28, 16370, 8840, 2.49%
1669934211, 0, 256, 408, 0, 0, 2.56%, 38, 0, 0, 168.28, 16379, 8883, 2.49%
1669934211, 0, 263, 408, 0, 0, 2.56%, 38, 0, 0, 372.09, 16448, 8926, 2.49%
1669934211, 0, 263, 408, 0, 0, 2.56%, 38, 0, 0, 603.33, 16583, 8972, 2.49%
1669934212, 0, 269, 408, 0, 0, 2.56%, 39, 0, 0, 413.91, 16653, 9027, 2.49%
1669934212, 0, 269, 408, 0, 0, 2.56%, 41, 0, 0, 610.00, 16771, 9092, 2.49%
1669934212, 0, 270, 408, 0, 0, 2.56%, 42, 0, 0, 453.64, 16865, 9135, 2.49%
1669934212, 0, 270, 408, 0, 0, 2.56%, 42, 0, 0, 353.33, 16935, 9171, 2.49%
1669934213, 0, 270, 408, 0, 0, 2.56%, 43, 0, 0, 390.00, 17021, 9202, 2.49%
1669934213, 0, 270, 408, 0, 0, 2.56%, 43, 0, 0, 333.33, 17093, 9231, 2.49%
1669934213, 0, 271, 408, 0, 0, 2.56%, 43, 0, 0, 372.94, 17169, 9268, 2.49%
1669934214, 0, 275, 408, 0, 0, 2.56%, 43, 0, 0, 288.08, 17222, 9302, 2.49%
1669934214, 0, 275, 408, 0, 0, 2.56%, 43, 0, 0, 312.29, 17292, 9326, 2.49%
1669934214, 0, 281, 409, 0, 0, 2.56%, 43, 0, 0, 177.63, 17314, 9358, 2.49%
1669934215, 0, 282, 409, 0, 0, 2.56%, 43, 0, 0, 285.25, 17369, 9390, 2.49%
1669934215, 0, 282, 409, 0, 0, 2.56%, 43, 0, 0, 314.57, 17446, 9408, 2.49%
1669934215, 0, 284, 409, 0, 0, 2.56%, 43, 0, 0, 282.39, 17514, 9425, 2.49%
1669934216, 0, 291, 412, 0, 0, 2.56%, 43, 0, 0, 218.54, 17530, 9475, 2.49%
1669934216, 0, 297, 413, 0, 0, 2.56%, 43, 0, 0, 216.67, 17557, 9513, 2.49%
1669934216, 0, 303, 413, 0, 0, 2.56%, 43, 0, 0, 191.56, 17580, 9549, 2.49%
1669934216, 0, 306, 413, 0, 0, 2.56%, 43, 0, 0, 172.19, 17602, 9579, 2.49%
1669934217, 0, 308, 414, 0, 0, 2.56%, 43, 0, 0, 130.29, 17623, 9598, 2.49%
1669934217, 0, 312, 414, 0, 0, 2.56%, 43, 0, 0, 188.74, 17658, 9620, 2.49%
1669934217, 0, 313, 414, 0, 0, 2.56%, 43, 0, 0, 466.67, 17759, 9659, 2.49%
1669934218, 0, 313, 414, 0, 0, 2.56%, 43, 0, 0, 500.00, 17856, 9713, 2.49%
1669934218, 0, 317, 414, 0, 0, 2.56%, 43, 0, 0, 350.82, 17917, 9759, 2.49%
1669934218, 0, 319, 417, 0, 0, 2.56%, 43, 0, 0, 196.67, 17954, 9781, 2.49%
1669934219, 0, 319, 418, 0, 0, 2.56%, 43, 0, 0, 213.82, 17992, 9808, 2.49%
1669934219, 0, 319, 419, 0, 0, 2.56%, 43, 0, 0, 235.10, 18037, 9834, 2.49%
1669934219, 0, 319, 419, 0, 0, 2.56%, 43, 0, 0, 180.12, 18067, 9862, 2.49%
1669934219, 0, 319, 419, 0, 0, 2.56%, 43, 0, 0, 104.92, 18083, 9878, 2.49%
1669934220, 0, 319, 419, 0, 0, 2.56%, 43, 0, 0, 194.08, 18119, 9901, 2.49%
1669934220, 0, 319, 420, 0, 0, 2.56%, 43, 0, 0, 216.67, 18158, 9927, 2.49%
1669934220, 0, 321, 420, 0, 0, 2.56%, 43, 0, 0, 163.40, 18188, 9947, 2.49%
1669934221, 0, 325, 420, 0, 0, 2.56%, 43, 0, 0, 146.10, 18212, 9968, 2.49%
1669934221, 0, 326, 421, 0, 0, 2.56%, 43, 0, 0, 229.24, 18265, 9984, 2.49%
1669934221, 0, 326, 421, 0, 0, 2.56%, 43, 0, 0, 272.43, 18317, 10014, 2.49%
1669934222, 0, 326, 421, 0, 0, 2.56%, 43, 0, 0, 243.42, 18365, 10040, 2.49%
1669934222, 0, 326, 421, 0, 0, 2.56%, 43, 0, 0, 276.87, 18423, 10067, 2.49%
1669934222, 0, 327, 421, 0, 0, 2.56%, 43, 0, 0, 230.00, 18476, 10083, 2.49%
1669934223, 0, 329, 421, 0, 0, 2.56%, 43, 0, 0, 75.41, 18477, 10105, 2.49%
1669934223, 0, 329, 421, 0, 0, 2.56%, 43, 0, 0, 53.16, 18477, 10121, 2.49%
1669934223, 0, 329, 421, 0, 0, 2.56%, 43, 0, 0, 111.11, 18479, 10153, 2.49%
1669934223, 0, 332, 421, 0, 0, 2.56%, 43, 0, 0, 167.21, 18493, 10190, 2.49%
1669934224, 0, 336, 422, 0, 0, 2.56%, 43, 0, 0, 170.00, 18521, 10213, 2.49%
1669934224, 0, 340, 423, 0, 0, 2.56%, 43, 0, 0, 107.14, 18534, 10233, 2.49%
1669934224, 0, 346, 423, 0, 0, 2.56%, 43, 0, 0, 111.84, 18546, 10255, 2.49%
1669934225, 0, 352, 424, 0, 0, 2.56%, 43, 0, 0, 154.61, 18560, 10288, 2.49%
1669934225, 0, 358, 424, 0, 0, 2.56%, 43, 0, 0, 209.30, 18608, 10303, 2.49%
1669934225, 0, 365, 425, 0, 0, 2.57%, 43, 0, 0, 220.00, 18649, 10328, 2.49%
1669934226, 0, 368, 426, 0, 0, 2.57%, 43, 0, 0, 198.68, 18690, 10347, 2.49%
1669934226, 0, 371, 428, 0, 0, 2.57%, 43, 0, 0, 132.45, 18716, 10361, 2.49%
1669934226, 0, 374, 430, 0, 0, 2.57%, 43, 0, 0, 145.70, 18737, 10384, 2.49%
1669934226, 0, 376, 430, 0, 0, 2.57%, 43, 0, 0, 136.21, 18757, 10405, 2.49%
1669934227, 0, 381, 430, 0, 0, 2.57%, 43, 0, 0, 174.92, 18790, 10425, 2.49%
1669934227, 0, 387, 430, 0, 0, 2.57%, 43, 0, 0, 276.67, 18832, 10466, 2.49%
1669934227, 0, 392, 432, 0, 0, 2.57%, 43, 0, 0, 240.13, 18886, 10485, 2.50%
1669934228, 0, 396, 432, 0, 0, 2.57%, 43, 0, 0, 133.12, 18913, 10499, 2.50%
1669934228, 0, 396, 432, 0, 0, 2.57%, 43, 0, 0, 79.21, 18926, 10510, 2.50%
1669934228, 0, 396, 432, 0, 0, 2.57%, 43, 0, 0, 88.05, 18944, 10520, 2.50%
1669934229, 0, 396, 432, 0, 0, 2.57%, 43, 0, 0, 78.18, 18957, 10531, 2.50%
1669934229, 0, 396, 432, 0, 0, 2.57%, 43, 0, 0, 74.92, 18970, 10541, 2.50%
1669934229, 0, 396, 432, 0, 0, 2.57%, 43, 0, 0, 81.97, 18988, 10548, 2.50%
1669934230, 0, 396, 432, 0, 0, 2.57%, 43, 0, 0, 71.90, 19003, 10555, 2.50%
1669934230, 0, 396, 432, 0, 0, 2.57%, 43, 0, 0, 53.16, 19016, 10558, 2.50%
1669934230, 0, 396, 432, 0, 0, 2.57%, 43, 0, 0, 61.89, 19031, 10562, 2.50%
1669934230, 0, 399, 432, 0, 0, 2.57%, 43, 0, 0, 74.43, 19048, 10568, 2.50%
1669934231, 0, 400, 438, 0, 0, 2.57%, 44, 0, 0, 208.47, 19083, 10597, 2.50%
1669934231, 0, 400, 439, 0, 0, 2.57%, 44, 0, 0, 213.33, 19120, 10624, 2.50%
1669934231, 0, 400, 440, 0, 0, 2.57%, 44, 0, 0, 200.00, 19158, 10646, 2.50%
1669934232, 0, 400, 440, 0, 0, 2.57%, 44, 0, 0, 217.11, 19192, 10678, 2.50%
1669934232, 0, 400, 440, 0, 0, 2.57%, 44, 0, 0, 219.27, 19228, 10708, 2.50%
1669934232, 0, 400, 442, 0, 0, 2.57%, 44, 0, 0, 196.08, 19266, 10730, 2.50%
1669934233, 0, 400, 443, 0, 0, 2.57%, 44, 0, 0, 202.61, 19302, 10756, 2.50%
1669934233, 0, 400, 443, 0, 0, 2.57%, 44, 0, 0, 178.81, 19338, 10774, 2.50%
1669934233, 0, 400, 443, 0, 0, 2.57%, 44, 0, 0, 72.61, 19351, 10783, 2.50%
1669934233, 0, 400, 443, 0, 0, 2.57%, 44, 0, 0, 140.98, 19372, 10805, 2.50%
1669934234, 0, 401, 443, 0, 0, 2.57%, 45, 0, 0, 220.00, 19408, 10835, 2.50%
1669934234, 0, 401, 443, 0, 0, 2.57%, 46, 0, 0, 220.39, 19449, 10861, 2.50%
1669934234, 0, 401, 443, 0, 0, 2.57%, 47, 0, 0, 325.58, 19505, 10903, 2.50%
1669934235, 0, 401, 443, 0, 0, 2.57%, 47, 0, 0, 240.13, 19551, 10930, 2.50%
1669934235, 0, 401, 443, 0, 0, 2.57%, 48, 0, 0, 299.34, 19599, 10973, 2.50%
1669934235, 0, 402, 446, 0, 0, 2.57%, 49, 0, 0, 204.62, 19640, 10994, 2.50%
1669934236, 0, 402, 447, 0, 0, 2.57%, 50, 0, 0, 113.33, 19659, 11009, 2.50%
1669934236, 0, 402, 448, 0, 0, 2.57%, 50, 0, 0, 108.91, 19682, 11019, 2.50%
1669934236, 0, 402, 448, 0, 0, 2.57%, 50, 0, 0, 131.58, 19704, 11037, 2.50%
1669934236, 0, 402, 448, 0, 0, 2.57%, 50, 0, 0, 129.14, 19730, 11050, 2.50%
1669934237, 0, 402, 449, 0, 0, 2.57%, 50, 0, 0, 129.87, 19754, 11066, 2.50%
1669934237, 0, 402, 450, 0, 0, 2.57%, 50, 0, 0, 116.88, 19778, 11078, 2.50%
1669934237, 0, 402, 451, 0, 0, 2.57%, 50, 0, 0, 135.31, 19806, 11091, 2.50%
1669934238, 0, 402, 451, 0, 0, 2.57%, 50, 0, 0, 138.16, 19827, 11112, 2.50%
1669934238, 0, 402, 451, 0, 0, 2.57%, 50, 0, 0, 139.53, 19850, 11131, 2.50%
1669934238, 0, 402, 452, 0, 0, 2.57%, 51, 0, 0, 156.67, 19874, 11154, 2.50%
1669934239, 0, 402, 452, 0, 0, 2.57%, 51, 0, 0, 150.82, 19899, 11175, 2.50%
1669934239, 0, 403, 452, 0, 0, 2.57%, 51, 0, 0, 134.87, 19921, 11194, 2.50%
1669934239, 0, 406, 453, 0, 0, 2.57%, 51, 0, 0, 133.33, 19942, 11213, 2.50%
1669934240, 0, 410, 455, 0, 0, 2.57%, 51, 0, 0, 122.58, 19952, 11241, 2.50%
1669934240, 0, 413, 458, 0, 0, 2.57%, 51, 0, 0, 123.78, 19960, 11271, 2.50%
1669934240, 0, 417, 459, 0, 0, 2.57%, 51, 0, 0, 182.72, 19976, 11310, 2.50%
1669934240, 0, 422, 459, 0, 0, 2.57%, 51, 0, 0, 179.40, 19995, 11345, 2.50%
1669934241, 0, 424, 459, 0, 0, 2.57%, 51, 0, 0, 155.34, 20008, 11380, 2.50%
1669934241, 0, 424, 459, 0, 0, 2.57%, 51, 0, 0, 136.08, 20010, 11421, 2.50%
1669934241, 0, 427, 459, 0, 0, 2.57%, 51, 0, 0, 139.07, 20027, 11446, 2.50%
1669934242, 0, 429, 459, 0, 0, 2.57%, 51, 0, 0, 153.59, 20052, 11468, 2.50%
1669934242, 0, 431, 459, 0, 0, 2.57%, 51, 0, 0, 270.36, 20109, 11494, 2.50%
1669934242, 0, 431, 459, 0, 0, 2.57%, 51, 0, 0, 346.67, 20189, 11518, 2.50%
1669934243, 0, 433, 459, 0, 0, 2.57%, 51, 0, 0, 206.56, 20235, 11535, 2.50%
1669934243, 0, 435, 459, 0, 0, 2.57%, 51, 0, 0, 177.63, 20268, 11556, 2.50%
1669934243, 0, 438, 461, 0, 0, 2.57%, 51, 0, 0, 168.87, 20287, 11588, 2.50%
1669934243, 0, 440, 463, 0, 0, 2.57%, 51, 0, 0, 214.52, 20322, 11618, 2.50%
1669934244, 0, 441, 465, 0, 0, 2.57%, 52, 0, 0, 155.63, 20353, 11634, 2.50%
1669934244, 0, 443, 465, 0, 0, 2.57%, 52, 0, 0, 146.67, 20376, 11655, 2.50%
1669934244, 0, 445, 467, 0, 0, 2.57%, 52, 0, 0, 151.32, 20404, 11673, 2.50%
1669934245, 0, 446, 468, 0, 0, 2.57%, 52, 0, 0, 112.58, 20425, 11686, 2.50%
1669934245, 0, 449, 468, 0, 0, 2.57%, 52, 0, 0, 170.00, 20450, 11712, 2.50%
1669934245, 0, 450, 468, 0, 0, 2.57%, 52, 0, 0, 147.06, 20479, 11728, 2.50%
1669934246, 0, 452, 470, 0, 0, 2.57%, 52, 0, 0, 99.01, 20498, 11739, 2.50%
1669934246, 0, 456, 474, 0, 0, 2.57%, 52, 0, 0, 116.67, 20499, 11773, 2.50%
1669934246, 0, 459, 474, 0, 0, 2.57%, 52, 0, 0, 67.31, 20509, 11784, 2.50%
1669934247, 0, 461, 476, 0, 0, 2.57%, 52, 0, 0, 155.63, 20530, 11810, 2.50%
1669934247, 0, 463, 476, 0, 0, 2.57%, 52, 0, 0, 196.01, 20562, 11837, 2.50%
1669934247, 0, 465, 477, 0, 0, 2.57%, 53, 0, 0, 164.47, 20588, 11861, 2.50%
1669934247, 0, 466, 477, 0, 0, 2.57%, 53, 0, 0, 113.33, 20610, 11873, 2.50%
1669934248, 0, 468, 477, 0, 0, 2.57%, 53, 0, 0, 132.89, 20634, 11889, 2.50%
1669934248, 0, 471, 479, 0, 0, 2.57%, 53, 0, 0, 100.00, 20651, 11908, 2.50%
1669934249, 0, 472, 480, 0, 0, 2.57%, 53, 0, 0, 40.16, 20657, 11922, 2.50%
1669934249, 0, 474, 482, 0, 0, 2.57%, 53, 0, 0, 97.09, 20668, 11941, 2.50%
1669934249, 0, 476, 482, 0, 0, 2.57%, 53, 0, 0, 139.75, 20691, 11963, 2.50%
1669934250, 0, 478, 485, 0, 0, 2.57%, 53, 0, 0, 85.40, 20707, 11978, 2.50%
1669934250, 0, 478, 486, 0, 0, 2.57%, 53, 0, 0, 31.85, 20711, 11984, 2.50%
1669934250, 0, 478, 487, 0, 0, 2.57%, 53, 0, 0, 38.22, 20715, 11992, 2.50%
1669934251, 0, 479, 490, 0, 0, 2.57%, 53, 0, 0, 29.08, 20719, 12001, 2.50%
1669934251, 0, 479, 490, 0, 0, 2.57%, 53, 0, 0, 34.82, 20724, 12014, 2.50%
1669934252, 0, 480, 490, 0, 0, 2.57%, 53, 0, 0, 56.56, 20731, 12029, 2.50%
1669934252, 0, 480, 490, 0, 0, 2.57%, 53, 0, 0, 22.88, 20734, 12033, 2.50%
1669934252, 0, 483, 490, 0, 0, 2.57%, 53, 0, 0, 139.24, 20752, 12059, 2.50%
1669934252, 0, 484, 490, 0, 0, 2.57%, 53, 0, 0, 115.38, 20773, 12074, 2.50%
1669934253, 0, 485, 491, 0, 0, 2.57%, 53, 0, 0, 62.50, 20779, 12090, 2.50%
1669934253, 0, 486, 492, 0, 0, 2.57%, 53, 0, 0, 103.35, 20785, 12121, 2.50%
1669934254, 0, 488, 492, 0, 0, 2.57%, 53, 0, 0, 75.91, 20788, 12141, 2.50%
1669934254, 0, 489, 492, 0, 0, 2.57%, 53, 0, 0, 58.14, 20790, 12159, 2.50%
1669934254, 0, 489, 494, 0, 0, 2.57%, 53, 0, 0, 16.06, 20793, 12164, 2.50%
1669934255, 0, 489, 495, 0, 0, 2.57%, 53, 0, 0, 29.59, 20796, 12171, 2.50%
1669934255, 0, 490, 496, 0, 0, 2.57%, 53, 0, 0, 58.64, 20803, 12183, 2.50%
1669934255, 0, 491, 497, 0, 0, 2.57%, 53, 0, 0, 49.13, 20809, 12194, 2.50%
1669934256, 0, 492, 498, 0, 0, 2.57%, 53, 0, 0, 75.41, 20814, 12212, 2.50%
1669934256, 0, 492, 499, 0, 0, 2.57%, 53, 0, 0, 18.13, 20816, 12216, 2.50%
1669934256, 0, 493, 501, 0, 0, 2.57%, 53, 0, 0, 76.49, 20823, 12236, 2.50%
1669934257, 0, 494, 501, 0, 0, 2.57%, 53, 0, 0, 76.70, 20830, 12255, 2.50%
1669934257, 0, 495, 501, 0, 0, 2.57%, 53, 0, 0, 41.67, 20841, 12257, 2.50%
1669934257, 0, 495, 503, 0, 0, 2.57%, 53, 0, 0, 69.77, 20850, 12269, 2.50%
1669934258, 0, 496, 504, 0, 0, 2.57%, 53, 0, 0, 71.43, 20860, 12281, 2.50%
1669934258, 0, 497, 506, 0, 0, 2.57%, 53, 0, 0, 59.60, 20866, 12293, 2.50%
1669934258, 0, 498, 506, 0, 0, 2.57%, 53, 0, 0, 60.54, 20876, 12312, 2.50%
1669934259, 0, 498, 506, 0, 0, 2.57%, 53, 0, 0, 3.96, 20878, 12312, 2.50%
1669934259, 0, 498, 506, 0, 0, 2.57%, 53, 0, 0, 5.61, 20880, 12313, 2.50%
1669934260, 0, 498, 506, 0, 0, 2.57%, 53, 0, 0, 33.33, 20884, 12321, 2.50%
1669934260, 0, 499, 506, 0, 0, 2.57%, 53, 0, 0, 25.48, 20886, 12327, 2.50%
1669934260, 0, 499, 507, 0, 0, 2.57%, 53, 0, 0, 99.67, 20900, 12343, 2.50%
1669934261, 0, 500, 508, 0, 0, 2.57%, 53, 0, 0, 70.62, 20908, 12360, 2.50%
1669934261, 0, 501, 508, 0, 0, 2.57%, 53, 0, 0, 47.02, 20916, 12367, 2.50%
1669934261, 0, 502, 509, 0, 0, 2.57%, 53, 0, 0, 92.72, 20925, 12386, 2.50%
1669934262, 0, 503, 509, 0, 0, 2.57%, 53, 0, 0, 90.91, 20933, 12407, 2.50%
1669934262, 0, 504, 510, 0, 0, 2.57%, 53, 0, 0, 49.08, 20943, 12413, 2.50%
1669934262, 0, 504, 511, 0, 0, 2.57%, 53, 0, 0, 70.59, 20953, 12427, 2.50%
1669934263, 0, 505, 512, 0, 0, 2.57%, 53, 0, 0, 35.81, 20958, 12435, 2.50%
1669934263, 0, 505, 512, 0, 0, 2.57%, 53, 0, 0, 51.49, 20963, 12449, 2.50%
1669934263, 0, 507, 513, 0, 0, 2.57%, 53, 0, 0, 110.12, 20972, 12477, 2.50%
1669934264, 0, 507, 513, 0, 0, 2.57%, 53, 0, 0, 44.69, 20977, 12488, 2.50%
1669934264, 0, 508, 515, 0, 0, 2.57%, 53, 0, 0, 57.69, 20983, 12500, 2.50%
1669934264, 0, 508, 517, 0, 0, 2.57%, 53, 0, 0, 61.29, 20991, 12511, 2.50%
1669934265, 0, 509, 519, 0, 0, 2.57%, 53, 0, 0, 41.40, 21001, 12514, 2.50%
1669934265, 0, 509, 519, 0, 0, 2.57%, 53, 0, 0, 55.56, 21006, 12526, 2.50%
1669934265, 0, 510, 519, 0, 0, 2.57%, 53, 0, 0, 86.38, 21015, 12543, 2.50%
1669934266, 0, 511, 519, 0, 0, 2.57%, 53, 0, 0, 49.18, 21023, 12550, 2.50%
1669934266, 0, 511, 520, 0, 0, 2.57%, 53, 0, 0, 53.98, 21030, 12562, 2.50%
1669934266, 0, 511, 520, 0, 0, 2.57%, 53, 0, 0, 23.10, 21034, 12565, 2.50%
1669934267, 0, 512, 522, 0, 0, 2.57%, 53, 0, 0, 28.11, 21040, 12573, 2.50%
1669934267, 0, 513, 523, 0, 0, 2.57%, 53, 0, 0, 95.39, 21045, 12597, 2.50%
1669934267, 0, 514, 524, 0, 0, 2.57%, 53, 0, 0, 53.16, 21049, 12609, 2.50%
1669934268, 0, 515, 524, 0, 0, 2.57%, 53, 0, 0, 64.31, 21058, 12620, 2.50%
1669934268, 0, 516, 524, 0, 0, 2.57%, 53, 0, 0, 49.67, 21066, 12627, 2.50%
1669934268, 0, 517, 525, 0, 0, 2.57%, 54, 0, 0, 150.82, 21083, 12656, 2.50%
1669934269, 0, 518, 525, 0, 0, 2.57%, 54, 0, 0, 110.75, 21096, 12677, 2.50%
1669934269, 0, 519, 525, 0, 0, 2.57%, 54, 0, 0, 27.32, 21103, 12680, 2.50%
1669934269, 0, 519, 526, 0, 0, 2.57%, 55, 0, 0, 39.87, 21108, 12687, 2.50%
1669934270, 0, 519, 527, 0, 0, 2.57%, 55, 0, 0, 41.27, 21115, 12693, 2.50%
1669934270, 0, 521, 529, 0, 0, 2.57%, 55, 0, 0, 93.33, 21122, 12714, 2.50%
1669934270, 0, 521, 529, 0, 0, 2.57%, 55, 0, 0, 27.20, 21125, 12724, 2.50%
1669934271, 0, 521, 530, 0, 0, 2.57%, 55, 0, 0, 37.14, 21128, 12735, 2.50%
1669934271, 0, 522, 531, 0, 0, 2.57%, 55, 0, 0, 26.63, 21130, 12742, 2.50%
1669934272, 0, 523, 531, 0, 0, 2.57%, 55, 0, 0, 60.10, 21135, 12762, 2.50%
1669934272, 0, 524, 532, 0, 0, 2.57%, 55, 0, 0, 78.69, 21146, 12775, 2.50%
1669934272, 0, 525, 532, 0, 0, 2.57%, 55, 0, 0, 58.67, 21157, 12786, 2.50%
1669934273, 0, 525, 532, 0, 0, 2.57%, 55, 0, 0, 32.54, 21162, 12792, 2.50%
1669934273, 0, 525, 532, 0, 0, 2.57%, 55, 0, 0, 35.40, 21166, 12800, 2.50%
1669934273, 0, 526, 532, 0, 0, 2.57%, 55, 0, 0, 28.09, 21172, 12804, 2.50%
1669934274, 0, 526, 532, 0, 0, 2.57%, 55, 0, 0, 57.69, 21182, 12815, 2.50%
1669934274, 0, 527, 532, 0, 0, 2.57%, 55, 0, 0, 33.90, 21186, 12823, 2.50%
1669934274, 0, 527, 534, 0, 0, 2.57%, 55, 0, 0, 47.87, 21192, 12835, 2.50%
1669934275, 0, 528, 534, 0, 0, 2.57%, 55, 0, 0, 131.58, 21195, 12872, 2.50%
1669934275, 0, 528, 534, 0, 0, 2.57%, 55, 0, 0, 136.21, 21199, 12909, 2.50%
1669934275, 0, 528, 534, 0, 0, 2.57%, 55, 0, 0, 106.67, 21201, 12939, 2.50%
1669934276, 0, 528, 534, 0, 0, 2.57%, 55, 0, 0, 76.67, 21203, 12960, 2.50%
1669934276, 0, 528, 534, 0, 0, 2.57%, 55, 0, 0, 112.21, 21204, 12993, 2.50%
1669934276, 0, 528, 535, 0, 0, 2.57%, 55, 0, 0, 78.62, 21206, 13016, 2.50%
1669934276, 0, 529, 535, 0, 0, 2.57%, 55, 0, 0, 151.82, 21207, 13061, 2.50%
1669934277, 0, 529, 535, 0, 0, 2.57%, 55, 0, 0, 60.77, 21214, 13076, 2.50%
1669934277, 0, 530, 535, 0, 0, 2.57%, 55, 0, 0, 60.32, 21221, 13088, 2.50%
1669934277, 0, 532, 535, 0, 0, 2.57%, 55, 0, 0, 79.55, 21226, 13111, 2.50%
1669934278, 0, 532, 535, 0, 0, 2.57%, 55, 0, 0, 41.14, 21230, 13120, 2.50%
1669934278, 0, 532, 536, 0, 0, 2.57%, 55, 0, 0, 42.90, 21235, 13128, 2.50%
1669934278, 0, 533, 536, 0, 0, 2.57%, 55, 0, 0, 57.23, 21239, 13143, 2.50%
1669934279, 0, 534, 537, 0, 0, 2.57%, 55, 0, 0, 67.20, 21244, 13163, 2.50%
1669934279, 0, 534, 537, 0, 0, 2.57%, 55, 0, 0, 45.20, 21249, 13174, 2.50%
1669934279, 0, 535, 537, 0, 0, 2.57%, 55, 0, 0, 54.66, 21254, 13186, 2.50%
1669934280, 0, 535, 539, 0, 0, 2.57%, 55, 0, 0, 52.02, 21260, 13198, 2.50%
1669934280, 0, 536, 539, 0, 0, 2.57%, 55, 0, 0, 25.18, 21263, 13209, 2.50%
1669934281, 0, 536, 540, 0, 0, 2.57%, 55, 0, 0, 61.27, 21266, 13231, 2.50%
1669934281, 0, 537, 540, 0, 0, 2.57%, 55, 0, 0, 108.97, 21275, 13256, 2.50%
1669934281, 0, 537, 540, 0, 0, 2.57%, 55, 0, 0, 122.19, 21287, 13282, 2.50%
1669934282, 0, 537, 541, 0, 0, 2.57%, 55, 0, 0, 96.57, 21296, 13304, 2.50%
1669934282, 0, 537, 541, 0, 0, 2.57%, 55, 0, 0, 108.20, 21311, 13322, 2.50%
1669934282, 0, 537, 541, 0, 0, 2.57%, 55, 0, 0, 120.00, 21323, 13346, 2.50%
1669934283, 0, 537, 542, 0, 0, 2.57%, 55, 0, 0, 82.80, 21334, 13361, 2.50%
1669934283, 0, 537, 542, 0, 0, 2.57%, 55, 0, 0, 107.84, 21347, 13381, 2.50%
1669934283, 0, 537, 542, 0, 0, 2.57%, 55, 0, 0, 91.21, 21357, 13399, 2.50%
1669934284, 0, 537, 542, 0, 0, 2.57%, 55, 0, 0, 77.88, 21369, 13412, 2.50%
1669934284, 0, 537, 542, 0, 0, 2.57%, 55, 0, 0, 98.04, 21380, 13431, 2.50%
1669934284, 0, 537, 542, 0, 0, 2.57%, 55, 0, 0, 78.95, 21391, 13444, 2.50%
1669934284, 0, 537, 542, 0, 0, 2.57%, 55, 0, 0, 96.46, 21400, 13465, 2.50%
1669934285, 0, 537, 542, 0, 0, 2.57%, 55, 0, 0, 98.36, 21411, 13484, 2.50%
1669934285, 0, 537, 543, 0, 0, 2.57%, 55, 0, 0, 85.17, 21425, 13497, 2.50%
1669934285, 0, 537, 543, 0, 0, 2.57%, 55, 0, 0, 39.22, 21431, 13503, 2.50%
1669934286, 0, 537, 543, 0, 0, 2.57%, 55, 0, 0, 105.96, 21443, 13523, 2.50%
1669934286, 0, 538, 543, 0, 0, 2.57%, 55, 0, 0, 41.01, 21449, 13530, 2.50%
1669934286, 0, 539, 543, 0, 0, 2.57%, 55, 0, 0, 69.54, 21457, 13543, 2.50%
1669934287, 0, 541, 544, 0, 0, 2.57%, 55, 0, 0, 64.71, 21464, 13558, 2.50%
1669934287, 0, 541, 544, 0, 0, 2.57%, 55, 0, 0, 38.81, 21471, 13564, 2.50%
1669934287, 0, 543, 544, 0, 0, 2.57%, 55, 0, 0, 100.63, 21491, 13576, 2.50%
1669934288, 1, 0, 544, 0, 0, 2.57%, 55, 0, 0, 367.55, 21554, 13624, 2.50%
1669934288, 1, 2, 544, 0, 0, 2.57%, 55, 0, 0, 747.51, 21672, 13731, 2.50%
1669934288, 1, 2, 544, 0, 0, 2.57%, 55, 0, 0, 550.00, 21782, 13786, 2.50%
1669934289, 1, 3, 544, 0, 0, 2.57%, 55, 0, 0, 456.67, 21865, 13840, 2.50%
1669934289, 1, 3, 544, 0, 0, 2.57%, 55, 0, 0, 320.00, 21944, 13857, 2.50%
1669934289, 1, 3, 544, 0, 0, 2.57%, 55, 0, 0, 286.67, 22017, 13870, 2.50%
1669934289, 1, 6, 544, 0, 0, 2.57%, 55, 0, 0, 460.00, 22096, 13929, 2.50%
1669934290, 1, 10, 544, 0, 0, 2.57%, 55, 0, 0, 589.40, 22188, 14015, 2.50%
1669934290, 1, 12, 544, 0, 0, 2.57%, 55, 0, 0, 683.33, 22312, 14096, 2.50%
1669934290, 1, 13, 544, 0, 0, 2.57%, 55, 0, 0, 255.81, 22363, 14122, 2.50%
1669934291, 1, 15, 544, 0, 0, 2.57%, 55, 0, 0, 403.33, 22445, 14161, 2.50%
1669934291, 1, 15, 544, 0, 0, 2.57%, 55, 0, 0, 518.27, 22555, 14207, 2.50%
1669934291, 1, 16, 544, 0, 0, 2.57%, 55, 0, 0, 650.00, 22676, 14281, 2.50%
1669934292, 1, 17, 544, 0, 0, 2.57%, 55, 0, 0, 653.33, 22783, 14370, 2.50%
1669934292, 1, 20, 544, 0, 0, 2.57%, 56, 0, 0, 783.33, 22919, 14469, 2.50%
1669934292, 1, 20, 544, 0, 0, 2.57%, 56, 0, 0, 777.41, 23054, 14568, 2.50%
1669934292, 1, 21, 544, 0, 0, 2.57%, 57, 0, 0, 275.75, 23106, 14599, 2.50%
1669934293, 1, 21, 544, 0, 0, 2.57%, 57, 0, 0, 263.84, 23154, 14632, 2.50%
1669934293, 1, 21, 544, 0, 0, 2.57%, 58, 0, 0, 286.67, 23207, 14665, 2.50%
1669934293, 1, 21, 544, 0, 0, 2.57%, 58, 0, 0, 305.92, 23266, 14699, 2.50%
1669934294, 1, 24, 544, 0, 0, 2.57%, 58, 0, 0, 583.33, 23366, 14774, 2.50%
1669934294, 1, 26, 544, 0, 0, 2.57%, 58, 0, 0, 623.33, 23491, 14836, 2.50%
1669934294, 1, 28, 544, 0, 0, 2.57%, 59, 0, 0, 604.65, 23612, 14897, 2.50%
1669934295, 1, 28, 544, 0, 0, 2.57%, 59, 0, 0, 647.84, 23744, 14960, 2.50%
1669934295, 1, 30, 544, 0, 0, 2.57%, 59, 0, 0, 581.40, 23869, 15010, 2.50%
1669934295, 1, 30, 544, 0, 0, 2.57%, 59, 0, 0, 508.31, 23986, 15046, 2.50%
1669934295, 1, 31, 544, 0, 0, 2.57%, 59, 0, 0, 533.11, 24088, 15105, 2.50%
1669934296, 1, 33, 544, 0, 0, 2.57%, 59, 0, 0, 583.33, 24201, 15167, 2.50%
1669934296, 1, 33, 544, 0, 0, 2.57%, 59, 0, 0, 504.98, 24290, 15230, 2.50%
1669934296, 1, 38, 544, 0, 0, 2.57%, 59, 0, 0, 526.67, 24387, 15291, 2.50%
1669934297, 1, 39, 544, 0, 0, 2.57%, 59, 0, 0, 613.33, 24505, 15357, 2.50%
1669934297, 1, 39, 544, 0, 0, 2.57%, 59, 0, 0, 651.16, 24627, 15431, 2.50%
1669934297, 1, 41, 544, 0, 0, 2.57%, 59, 0, 0, 526.67, 24691, 15525, 2.50%
1669934298, 1, 42, 544, 0, 0, 2.57%, 59, 0, 0, 651.16, 24815, 15597, 2.50%
1669934298, 1, 45, 544, 0, 0, 2.57%, 59, 0, 0, 400.65, 24900, 15635, 2.50%
1669934298, 1, 45, 544, 0, 0, 2.57%, 59, 0, 0, 185.90, 24942, 15651, 2.50%
1669934298, 1, 45, 544, 0, 0, 2.57%, 60, 0, 0, 200.00, 24983, 15670, 2.50%
1669934299, 1, 48, 544, 0, 0, 2.57%, 60, 0, 0, 210.53, 25021, 15696, 2.50%
1669934299, 1, 48, 544, 0, 0, 2.57%, 60, 0, 0, 235.10, 25072, 15716, 2.50%
1669934299, 1, 49, 544, 0, 0, 2.57%, 60, 0, 0, 441.86, 25161, 15760, 2.50%
1669934300, 1, 50, 544, 0, 0, 2.57%, 61, 0, 0, 571.43, 25265, 15828, 2.50%
1669934300, 1, 50, 544, 0, 0, 2.57%, 61, 0, 0, 460.00, 25353, 15878, 2.50%
1669934300, 1, 50, 544, 0, 0, 2.57%, 61, 0, 0, 511.63, 25463, 15922, 2.50%
1669934301, 1, 52, 544, 0, 0, 2.57%, 61, 0, 0, 367.55, 25553, 15943, 2.50%
1669934301, 1, 52, 544, 0, 0, 2.57%, 61, 0, 0, 346.53, 25625, 15976, 2.50%
1669934301, 1, 52, 544, 0, 0, 2.57%, 61, 0, 0, 229.24, 25676, 15994, 2.50%
1669934301, 1, 53, 545, 0, 0, 2.75%, 61, 0, 0, 388.16, 25761, 16027, 2.67%
1669934302, 1, 53, 545, 0, 0, 2.75%, 61, 0, 0, 607.97, 25887, 16084, 2.67%
1669934302, 1, 56, 545, 0, 0, 2.75%, 61, 0, 0, 260.06, 25942, 16113, 2.67%
1669934302, 1, 56, 545, 0, 0, 2.75%, 61, 0, 0, 278.69, 26003, 16137, 2.67%
1669934303, 1, 57, 545, 0, 0, 2.75%, 61, 0, 0, 229.56, 26056, 16157, 2.67%
1669934303, 1, 57, 545, 0, 0, 2.75%, 61, 0, 0, 193.33, 26097, 16174, 2.67%
1669934303, 1, 60, 545, 0, 0, 2.75%, 61, 0, 0, 265.78, 26147, 16204, 2.67%
1669934304, 1, 60, 545, 0, 0, 2.75%, 61, 0, 0, 525.81, 26263, 16251, 2.67%
1669934304, 1, 69, 545, 0, 0, 2.75%, 62, 0, 0, 486.67, 26358, 16302, 2.67%
1669934304, 1, 69, 545, 0, 0, 2.75%, 62, 0, 0, 456.25, 26453, 16353, 2.67%
1669934305, 1, 72, 545, 0, 0, 2.75%, 63, 0, 0, 402.64, 26528, 16400, 2.67%
1669934305, 1, 73, 545, 0, 0, 2.75%, 63, 0, 0, 221.15, 26572, 16425, 2.67%
1669934305, 1, 73, 545, 0, 0, 2.75%, 63, 0, 0, 332.23, 26637, 16460, 2.67%
1669934305, 1, 73, 545, 0, 0, 2.75%, 63, 0, 0, 356.67, 26716, 16488, 2.67%
1669934306, 1, 74, 545, 0, 0, 2.75%, 63, 0, 0, 422.44, 26804, 16528, 2.67%
1669934306, 1, 74, 545, 0, 0, 2.75%, 64, 0, 0, 432.34, 26890, 16573, 2.67%
1669934306, 1, 76, 545, 0, 0, 2.75%, 64, 0, 0, 429.51, 26975, 16619, 2.67%
1669934307, 1, 76, 545, 0, 0, 2.75%, 64, 0, 0, 280.65, 27035, 16646, 2.67%
1669934307, 1, 76, 545, 0, 0, 2.75%, 64, 0, 0, 288.08, 27096, 16672, 2.67%
1669934307, 1, 76, 545, 0, 0, 2.75%, 64, 0, 0, 342.19, 27176, 16695, 2.67%
1669934308, 1, 77, 545, 0, 0, 2.75%, 64, 0, 0, 395.35, 27265, 16725, 2.67%
1669934308, 1, 77, 545, 0, 0, 2.75%, 64, 0, 0, 511.63, 27368, 16776, 2.67%
1669934308, 1, 77, 545, 0, 0, 2.75%, 64, 0, 0, 411.96, 27449, 16819, 2.67%
1669934309, 1, 83, 545, 0, 0, 2.75%, 64, 0, 0, 377.05, 27527, 16856, 2.67%
1669934309, 1, 83, 545, 0, 0, 2.75%, 64, 0, 0, 421.05, 27609, 16902, 2.67%
1669934309, 1, 84, 545, 0, 0, 2.75%, 64, 0, 0, 401.32, 27668, 16965, 2.67%
1669934309, 1, 86, 546, 0, 0, 2.75%, 64, 0, 0, 438.54, 27761, 17004, 2.67%
1669934310, 1, 88, 546, 0, 0, 2.75%, 64, 0, 0, 451.83, 27843, 17058, 2.67%
1669934310, 1, 88, 546, 0, 0, 2.75%, 64, 0, 0, 413.91, 27927, 17099, 2.67%
1669934310, 1, 88, 546, 0, 0, 2.75%, 65, 0, 0, 433.33, 28018, 17138, 2.67%
1669934311, 1, 89, 546, 0, 0, 2.75%, 65, 0, 0, 420.00, 28103, 17179, 2.67%
1669934311, 1, 89, 546, 0, 0, 2.75%, 66, 0, 0, 459.02, 28199, 17223, 2.67%
1669934311, 1, 93, 547, 0, 0, 2.75%, 66, 0, 0, 345.39, 28260, 17267, 2.67%
1669934312, 1, 93, 547, 0, 0, 2.75%, 66, 0, 0, 312.50, 28323, 17299, 2.67%
1669934312, 1, 93, 548, 0, 0, 2.75%, 66, 0, 0, 311.48, 28392, 17325, 2.67%
1669934312, 1, 93, 548, 0, 0, 2.75%, 66, 0, 0, 360.00, 28468, 17357, 2.67%
1669934312, 1, 96, 548, 0, 0, 2.75%, 66, 0, 0, 296.67, 28517, 17397, 2.67%
1669934313, 1, 96, 548, 0, 0, 2.75%, 66, 0, 0, 418.60, 28603, 17437, 2.67%
1669934313, 1, 97, 548, 0, 0, 2.75%, 66, 0, 0, 433.33, 28697, 17473, 2.67%
1669934313, 1, 101, 548, 0, 0, 2.75%, 66, 0, 0, 320.00, 28759, 17507, 2.67%
1669934314, 1, 101, 548, 0, 0, 2.75%, 66, 0, 0, 420.00, 28847, 17545, 2.67%
1669934314, 1, 101, 548, 0, 0, 2.75%, 66, 0, 0, 392.03, 28925, 17585, 2.67%
1669934314, 1, 104, 548, 0, 0, 2.75%, 66, 0, 0, 506.62, 29028, 17635, 2.67%
1669934315, 1, 105, 549, 0, 0, 2.75%, 66, 0, 0, 554.82, 29145, 17685, 2.67%
1669934315, 1, 106, 549, 0, 0, 2.75%, 66, 0, 0, 685.43, 29276, 17761, 2.67%
1669934315, 1, 107, 549, 0, 0, 2.75%, 66, 0, 0, 337.75, 29345, 17794, 2.67%
1669934315, 1, 107, 549, 0, 0, 2.75%, 67, 0, 0, 392.03, 29424, 17833, 2.67%
1669934316, 1, 107, 549, 0, 0, 2.75%, 67, 0, 0, 271.52, 29479, 17860, 2.67%
1669934316, 1, 109, 549, 0, 0, 2.75%, 67, 0, 0, 168.32, 29508, 17882, 2.67%
1669934316, 1, 109, 549, 0, 0, 2.75%, 67, 0, 0, 107.49, 29533, 17890, 2.67%
1669934317, 1, 109, 549, 0, 0, 2.75%, 67, 0, 0, 115.89, 29559, 17899, 2.67%
1669934317, 1, 109, 549, 0, 0, 2.75%, 67, 0, 0, 89.70, 29582, 17903, 2.67%
1669934317, 1, 109, 549, 0, 0, 2.75%, 67, 0, 0, 88.82, 29603, 17909, 2.67%
1669934318, 1, 111, 549, 0, 0, 2.75%, 67, 0, 0, 266.67, 29659, 17933, 2.67%
1669934318, 1, 111, 549, 0, 0, 2.75%, 67, 0, 0, 382.06, 29729, 17978, 2.67%
1669934318, 1, 111, 549, 0, 0, 2.75%, 68, 0, 0, 385.38, 29798, 18025, 2.67%
1669934318, 1, 114, 549, 0, 0, 2.75%, 68, 0, 0, 421.93, 29880, 18070, 2.67%
1669934319, 1, 114, 551, 0, 0, 2.75%, 70, 0, 0, 426.67, 29959, 18119, 2.67%
1669934319, 1, 117, 551, 0, 0, 2.75%, 70, 0, 0, 342.19, 30022, 18159, 2.67%
1669934319, 1, 117, 551, 0, 0, 2.75%, 70, 0, 0, 220.78, 30069, 18180, 2.67%
1669934320, 1, 119, 551, 0, 0, 2.75%, 70, 0, 0, 266.88, 30133, 18199, 2.67%
1669934320, 1, 119, 551, 0, 0, 2.75%, 71, 0, 0, 187.50, 30172, 18217, 2.67%
1669934320, 1, 120, 551, 0, 0, 2.75%, 71, 0, 0, 223.33, 30214, 18242, 2.67%
1669934321, 1, 120, 551, 0, 0, 2.75%, 71, 0, 0, 210.53, 30261, 18259, 2.67%
1669934321, 1, 120, 551, 0, 0, 2.75%, 71, 0, 0, 264.03, 30325, 18275, 2.67%
1669934321, 1, 120, 551, 0, 0, 2.75%, 71, 0, 0, 297.03, 30393, 18297, 2.67%
1669934322, 1, 126, 551, 0, 0, 2.75%, 71, 0, 0, 209.30, 30422, 18331, 2.67%
1669934322, 1, 126, 551, 0, 0, 2.75%, 71, 0, 0, 277.78, 30476, 18362, 2.67%
1669934322, 1, 130, 551, 0, 0, 2.75%, 72, 0, 0, 293.33, 30526, 18400, 2.67%
1669934322, 1, 131, 551, 0, 0, 2.75%, 72, 0, 0, 320.00, 30593, 18429, 2.67%
1669934323, 1, 131, 551, 0, 0, 2.75%, 72, 0, 0, 496.67, 30682, 18489, 2.67%
1669934323, 1, 132, 551, 0, 0, 2.75%, 72, 0, 0, 366.67, 30755, 18526, 2.67%
1669934323, 1, 132, 551, 0, 0, 2.75%, 72, 0, 0, 211.04, 30803, 18543, 2.67%
1669934324, 1, 132, 551, 0, 0, 2.75%, 73, 0, 0, 428.57, 30898, 18577, 2.67%
1669934324, 1, 133, 551, 0, 0, 2.75%, 73, 0, 0, 231.79, 30948, 18597, 2.67%
1669934324, 1, 133, 551, 0, 0, 2.75%, 73, 0, 0, 179.40, 30991, 18608, 2.67%
1669934325, 1, 134, 551, 0, 0, 2.75%, 73, 0, 0, 197.57, 31033, 18631, 2.67%
1669934325, 1, 134, 551, 0, 0, 2.75%, 73, 0, 0, 150.00, 31061, 18648, 2.67%
1669934325, 1, 134, 551, 0, 0, 2.75%, 73, 0, 0, 145.63, 31088, 18666, 2.67%
1669934325, 1, 140, 551, 0, 0, 2.75%, 73, 0, 0, 155.34, 31112, 18690, 2.67%
1669934326, 1, 141, 551, 0, 0, 2.75%, 73, 0, 0, 336.67, 31176, 18727, 2.67%
1669934326, 1, 141, 551, 0, 0, 2.75%, 74, 0, 0, 423.33, 31259, 18771, 2.67%
1669934326, 1, 143, 551, 0, 0, 2.75%, 74, 0, 0, 345.51, 31330, 18804, 2.67%
1669934327, 1, 143, 551, 0, 0, 2.75%, 75, 0, 0, 364.24, 31406, 18838, 2.67%
1669934327, 1, 146, 551, 0, 0, 2.75%, 75, 0, 0, 490.00, 31504, 18887, 2.67%
1669934327, 1, 146, 551, 0, 0, 2.75%, 75, 0, 0, 440.00, 31591, 18932, 2.67%
1669934328, 1, 150, 551, 0, 0, 2.75%, 76, 0, 0, 277.78, 31639, 18969, 2.67%
1669934328, 1, 150, 551, 0, 0, 2.75%, 77, 0, 0, 155.12, 31675, 18980, 2.67%
1669934328, 1, 150, 551, 0, 0, 2.75%, 77, 0, 0, 185.43, 31714, 18997, 2.67%
1669934328, 1, 150, 552, 0, 0, 2.75%, 77, 0, 0, 156.15, 31742, 19016, 2.67%
1669934329, 1, 150, 552, 0, 0, 2.75%, 77, 0, 0, 155.12, 31777, 19028, 2.67%
1669934329, 1, 150, 552, 0, 0, 2.75%, 77, 0, 0, 149.50, 31808, 19042, 2.67%
1669934329, 1, 150, 552, 0, 0, 2.75%, 77, 0, 0, 141.51, 31841, 19054, 2.67%
1669934330, 1, 151, 552, 0, 0, 2.75%, 77, 0, 0, 158.94, 31877, 19066, 2.67%
1669934330, 1, 151, 552, 0, 0, 2.75%, 78, 0, 0, 450.00, 31966, 19112, 2.67%
1669934330, 1, 153, 552, 0, 0, 2.75%, 78, 0, 0, 468.44, 32041, 19178, 2.67%
1669934331, 1, 153, 552, 0, 0, 2.75%, 79, 0, 0, 420.00, 32140, 19205, 2.67%
1669934331, 1, 153, 552, 0, 0, 2.75%, 79, 0, 0, 162.34, 32181, 19214, 2.67%
1669934331, 1, 153, 552, 0, 0, 2.75%, 79, 0, 0, 213.33, 32231, 19228, 2.67%
1669934332, 1, 154, 552, 0, 0, 2.75%, 79, 0, 0, 496.67, 32327, 19281, 2.67%
1669934332, 1, 155, 552, 0, 0, 2.75%, 79, 0, 0, 420.00, 32411, 19323, 2.67%
1669934332, 1, 156, 552, 0, 0, 2.75%, 79, 0, 0, 313.33, 32478, 19350, 2.67%
1669934332, 1, 158, 552, 0, 0, 2.75%, 79, 0, 0, 216.67, 32529, 19364, 2.67%
1669934333, 1, 158, 552, 0, 0, 2.75%, 79, 0, 0, 162.87, 32565, 19378, 2.67%
1669934333, 1, 161, 552, 0, 0, 2.75%, 79, 0, 0, 146.67, 32595, 19392, 2.67%
1669934333, 1, 161, 552, 0, 0, 2.75%, 79, 0, 0, 280.00, 32647, 19424, 2.67%
1669934334, 1, 163, 552, 0, 0, 2.75%, 79, 0, 0, 306.67, 32701, 19462, 2.67%
1669934334, 1, 163, 552, 0, 0, 2.75%, 80, 0, 0, 331.49, 32773, 19510, 2.67%
1669934334, 1, 163, 552, 0, 0, 2.75%, 80, 0, 0, 196.72, 32817, 19526, 2.67%
1669934335, 1, 163, 552, 0, 0, 2.75%, 80, 0, 0, 265.78, 32876, 19547, 2.67%
1669934335, 1, 169, 552, 0, 0, 2.75%, 80, 0, 0, 252.49, 32917, 19582, 2.67%
1669934335, 1, 176, 552, 0, 0, 2.75%, 81, 0, 0, 270.36, 32957, 19625, 2.67%
1669934336, 1, 176, 552, 0, 0, 2.75%, 83, 0, 0, 448.50, 33047, 19670, 2.67%
1669934336, 1, 177, 552, 0, 0, 2.75%, 83, 0, 0, 443.33, 33137, 19713, 2.67%
1669934336, 1, 177, 552, 0, 0, 2.75%, 85, 0, 0, 463.33, 33230, 19759, 2.67%
1669934336, 1, 177, 552, 0, 0, 2.75%, 85, 0, 0, 342.19, 33292, 19800, 2.67%
1669934337, 1, 178, 552, 0, 0, 2.75%, 86, 0, 0, 436.67, 33371, 19852, 2.67%
1669934337, 1, 178, 552, 0, 0, 2.75%, 88, 0, 0, 335.53, 33428, 19897, 2.67%
1669934337, 1, 181, 552, 0, 0, 2.75%, 88, 0, 0, 286.17, 33481, 19933, 2.67%
1669934338, 1, 183, 552, 0, 0, 2.75%, 88, 0, 0, 576.67, 33598, 19989, 2.67%
1669934338, 1, 185, 552, 0, 0, 2.75%, 88, 0, 0, 459.55, 33693, 20036, 2.67%
1669934338, 1, 185, 552, 0, 0, 2.75%, 88, 0, 0, 184.95, 33734, 20054, 2.67%
1669934339, 1, 185, 552, 0, 0, 2.75%, 88, 0, 0, 229.24, 33782, 20075, 2.67%
1669934339, 1, 185, 552, 0, 0, 2.75%, 89, 0, 0, 366.67, 33846, 20121, 2.67%
1669934339, 1, 190, 552, 0, 0, 2.75%, 89, 0, 0, 313.33, 33905, 20156, 2.67%
1669934339, 1, 190, 552, 0, 0, 2.75%, 89, 0, 0, 476.82, 33997, 20208, 2.67%
1669934340, 1, 192, 552, 0, 0, 2.75%, 89, 0, 0, 418.60, 34079, 20252, 2.67%
1669934340, 1, 192, 552, 0, 0, 2.75%, 89, 0, 0, 313.33, 34136, 20289, 2.67%
1669934340, 1, 192, 552, 0, 0, 2.75%, 89, 0, 0, 335.55, 34199, 20327, 2.67%
1669934341, 1, 193, 552, 0, 0, 2.75%, 89, 0, 0, 300.00, 34253, 20363, 2.67%
1669934341, 1, 193, 552, 0, 0, 2.75%, 89, 0, 0, 295.68, 34324, 20381, 2.67%
1669934341, 1, 193, 552, 0, 0, 2.75%, 89, 0, 0, 188.06, 34372, 20396, 2.67%
1669934342, 1, 193, 552, 0, 0, 2.75%, 89, 0, 0, 205.30, 34421, 20409, 2.67%
1669934342, 1, 194, 552, 0, 0, 2.75%, 89, 0, 0, 224.42, 34477, 20421, 2.67%
1669934342, 1, 194, 552, 0, 0, 2.75%, 89, 0, 0, 196.20, 34530, 20430, 2.67%
1669934343, 1, 194, 552, 0, 0, 2.75%, 89, 0, 0, 180.92, 34573, 20442, 2.67%
1669934343, 1, 195, 552, 0, 0, 2.75%, 89, 0, 0, 149.35, 34610, 20451, 2.67%
1669934343, 1, 195, 552, 0, 0, 2.75%, 89, 0, 0, 72.61, 34621, 20462, 2.67%
1669934343, 1, 195, 552, 0, 0, 2.75%, 89, 0, 0, 71.90, 34637, 20468, 2.67%
1669934344, 1, 195, 552, 0, 0, 2.75%, 89, 0, 0, 68.63, 34652, 20474, 2.67%
1669934344, 1, 195, 552, 0, 0, 2.75%, 89, 0, 0, 89.11, 34672, 20481, 2.67%
1669934344, 1, 195, 552, 0, 0, 2.75%, 89, 0, 0, 78.37, 34689, 20489, 2.67%
1669934345, 1, 195, 552, 0, 0, 2.75%, 89, 0, 0, 70.00, 34703, 20496, 2.67%
1669934345, 1, 195, 552, 0, 0, 2.75%, 89, 0, 0, 85.53, 34718, 20507, 2.67%
1669934345, 1, 197, 552, 0, 0, 2.75%, 89, 0, 0, 140.52, 34744, 20524, 2.67%
1669934346, 1, 197, 552, 0, 0, 2.75%, 89, 0, 0, 358.80, 34820, 20556, 2.67%
1669934346, 1, 197, 552, 0, 0, 2.75%, 90, 0, 0, 431.89, 34898, 20608, 2.67%
1669934346, 1, 200, 552, 0, 0, 2.75%, 90, 0, 0, 296.67, 34947, 20648, 2.67%
1669934346, 1, 201, 552, 0, 0, 2.75%, 90, 0, 0, 253.33, 35000, 20671, 2.67%
1669934347, 1, 201, 552, 0, 0, 2.75%, 90, 0, 0, 250.83, 35052, 20695, 2.67%
1669934347, 1, 201, 552, 0, 0, 2.75%, 90, 0, 0, 250.83, 35094, 20729, 2.67%
1669934347, 1, 201, 552, 0, 0, 2.75%, 90, 0, 0, 267.33, 35149, 20755, 2.67%
1669934348, 1, 204, 552, 0, 0, 2.75%, 90, 0, 0, 178.81, 35174, 20784, 2.67%
1669934348, 1, 205, 552, 0, 0, 2.75%, 90, 0, 0, 135.76, 35194, 20805, 2.67%
1669934348, 1, 205, 552, 0, 0, 2.75%, 90, 0, 0, 234.32, 35237, 20833, 2.67%
1669934349, 1, 205, 552, 0, 0, 2.75%, 90, 0, 0, 280.53, 35292, 20863, 2.67%
1669934349, 1, 205, 552, 0, 0, 2.75%, 90, 0, 0, 262.46, 35346, 20888, 2.67%
1669934349, 1, 205, 553, 0, 0, 2.75%, 90, 0, 0, 253.29, 35397, 20914, 2.67%
1669934350, 1, 209, 553, 0, 0, 2.75%, 90, 0, 0, 252.46, 35448, 20940, 2.67%
1669934350, 1, 209, 553, 0, 0, 2.75%, 90, 0, 0, 227.72, 35497, 20960, 2.67%
1669934350, 1, 209, 553, 0, 0, 2.75%, 90, 0, 0, 211.92, 35542, 20979, 2.67%
1669934350, 1, 209, 553, 0, 0, 2.75%, 90, 0, 0, 196.01, 35574, 21006, 2.67%
1669934351, 1, 209, 553, 0, 0, 2.75%, 90, 0, 0, 212.62, 35612, 21032, 2.67%
1669934351, 1, 209, 553, 0, 0, 2.75%, 90, 0, 0, 220.00, 35650, 21060, 2.67%
1669934351, 1, 211, 553, 0, 0, 2.75%, 90, 0, 0, 322.26, 35719, 21088, 2.67%
1669934352, 1, 211, 553, 0, 0, 2.75%, 90, 0, 0, 421.93, 35795, 21139, 2.67%
1669934352, 1, 213, 553, 0, 0, 2.75%, 90, 0, 0, 423.84, 35874, 21188, 2.67%
1669934352, 1, 218, 554, 0, 0, 2.75%, 90, 0, 0, 276.67, 35908, 21237, 2.69%
1669934353, 1, 219, 555, 0, 0, 2.75%, 91, 0, 0, 254.97, 35958, 21264, 2.69%
1669934353, 1, 219, 555, 0, 0, 2.75%, 91, 0, 0, 254.97, 36001, 21298, 2.69%
1669934353, 1, 219, 555, 0, 0, 2.75%, 91, 0, 0, 286.67, 36044, 21341, 2.69%
1669934353, 1, 219, 555, 0, 0, 2.75%, 91, 0, 0, 243.33, 36089, 21369, 2.69%
1669934354, 1, 224, 555, 0, 0, 2.75%, 91, 0, 0, 209.30, 36114, 21407, 2.69%
1669934354, 1, 226, 555, 0, 0, 2.75%, 91, 0, 0, 158.94, 36118, 21451, 2.69%
1669934354, 1, 226, 555, 0, 0, 2.75%, 91, 0, 0, 142.39, 36122, 21491, 2.69%
1669934355, 1, 226, 555, 0, 0, 2.75%, 91, 0, 0, 128.71, 36124, 21528, 2.69%
1669934355, 1, 228, 555, 0, 0, 2.75%, 92, 0, 0, 270.00, 36176, 21557, 2.69%
1669934355, 1, 228, 555, 0, 0, 2.75%, 92, 0, 0, 294.70, 36240, 21582, 2.69%
1669934356, 1, 228, 555, 0, 0, 2.75%, 92, 0, 0, 288.96, 36305, 21606, 2.69%
1669934356, 1, 232, 555, 0, 0, 2.75%, 92, 0, 0, 300.33, 36372, 21630, 2.69%
1669934356, 1, 239, 555, 0, 0, 2.75%, 92, 0, 0, 256.67, 36411, 21668, 2.69%
1669934356, 1, 243, 555, 0, 0, 2.75%, 92, 0, 0, 106.67, 36426, 21685, 2.69%
1669934357, 1, 244, 556, 0, 0, 2.75%, 92, 0, 0, 480.26, 36530, 21727, 2.69%
1669934357, 1, 250, 556, 0, 0, 2.75%, 93, 0, 0, 437.50, 36620, 21777, 2.69%
1669934357, 1, 257, 556, 0, 0, 2.75%, 93, 0, 0, 133.76, 36627, 21812, 2.69%
1669934358, 1, 263, 556, 0, 0, 2.75%, 93, 0, 0, 363.33, 36690, 21858, 2.69%
1669934358, 1, 263, 556, 0, 0, 2.75%, 93, 0, 0, 533.33, 36799, 21909, 2.69%
1669934358, 1, 269, 556, 0, 0, 2.75%, 93, 0, 0, 435.22, 36872, 21967, 2.69%
1669934359, 1, 269, 556, 0, 0, 2.75%, 93, 0, 0, 574.75, 36983, 22029, 2.69%
1669934359, 1, 270, 556, 0, 0, 2.75%, 94, 0, 0, 406.56, 37065, 22071, 2.69%
1669934359, 1, 270, 556, 0, 0, 2.75%, 94, 0, 0, 335.55, 37138, 22099, 2.69%
1669934359, 1, 270, 556, 0, 0, 2.75%, 94, 0, 0, 350.00, 37208, 22134, 2.69%
1669934360, 1, 270, 556, 0, 0, 2.75%, 94, 0, 0, 345.51, 37286, 22160, 2.69%
1669934360, 1, 273, 556, 0, 0, 2.75%, 94, 0, 0, 282.39, 37338, 22193, 2.69%
1669934360, 1, 275, 556, 0, 0, 2.75%, 94, 0, 0, 356.44, 37422, 22217, 2.69%
1669934361, 1, 277, 556, 0, 0, 2.75%, 94, 0, 0, 293.33, 37482, 22245, 2.69%
1669934361, 1, 282, 556, 0, 0, 2.75%, 94, 0, 0, 218.54, 37522, 22271, 2.69%
1669934361, 1, 282, 556, 0, 0, 2.75%, 94, 0, 0, 215.23, 37565, 22293, 2.69%
1669934362, 1, 282, 557, 0, 0, 2.75%, 94, 0, 0, 246.67, 37621, 22311, 2.69%
1669934362, 1, 287, 557, 0, 0, 2.75%, 94, 0, 0, 276.32, 37679, 22337, 2.69%
1669934362, 1, 296, 557, 0, 0, 2.75%, 94, 0, 0, 173.20, 37699, 22370, 2.69%
1669934363, 1, 302, 557, 0, 0, 2.75%, 94, 0, 0, 188.12, 37727, 22399, 2.69%
1669934363, 1, 305, 557, 0, 0, 2.75%, 94, 0, 0, 135.31, 37756, 22411, 2.69%
1669934363, 1, 308, 558, 0, 0, 2.75%, 94, 0, 0, 139.16, 37781, 22429, 2.69%
1669934363, 1, 312, 558, 0, 0, 2.75%, 95, 0, 0, 180.00, 37807, 22457, 2.69%
1669934364, 1, 313, 558, 0, 0, 2.75%, 95, 0, 0, 538.21, 37906, 22520, 2.69%
1669934364, 1, 314, 558, 0, 0, 2.75%, 95, 0, 0, 450.98, 37995, 22569, 2.69%
1669934364, 1, 319, 558, 0, 0, 2.75%, 95, 0, 0, 199.34, 38025, 22599, 2.69%
1669934365, 1, 319, 558, 0, 0, 2.75%, 95, 0, 0, 196.67, 38061, 22622, 2.69%
1669934365, 1, 319, 558, 0, 0, 2.75%, 96, 0, 0, 129.57, 38082, 22640, 2.69%
1669934365, 1, 319, 558, 0, 0, 2.75%, 96, 0, 0, 144.74, 38107, 22659, 2.69%
1669934366, 1, 319, 558, 0, 0, 2.75%, 96, 0, 0, 200.00, 38147, 22679, 2.69%
1669934366, 1, 319, 558, 0, 0, 2.75%, 96, 0, 0, 193.44, 38180, 22705, 2.69%
1669934366, 1, 319, 558, 0, 0, 2.75%, 96, 0, 0, 196.01, 38216, 22728, 2.69%
1669934366, 1, 319, 558, 0, 0, 2.75%, 96, 0, 0, 240.00, 38262, 22754, 2.69%
1669934367, 1, 325, 558, 0, 0, 2.75%, 96, 0, 0, 170.00, 38291, 22776, 2.69%
1669934367, 1, 326, 558, 0, 0, 2.75%, 96, 0, 0, 245.90, 38346, 22796, 2.69%
1669934367, 1, 326, 558, 0, 0, 2.75%, 96, 0, 0, 335.55, 38410, 22833, 2.69%
1669934368, 1, 326, 558, 0, 0, 2.75%, 96, 0, 0, 338.87, 38481, 22864, 2.69%
1669934368, 1, 328, 558, 0, 0, 2.75%, 96, 0, 0, 252.49, 38529, 22892, 2.69%
1669934368, 1, 329, 558, 0, 0, 2.75%, 96, 0, 0, 136.67, 38529, 22933, 2.69%
1669934369, 1, 332, 558, 0, 0, 2.75%, 96, 0, 0, 155.63, 38540, 22969, 2.69%
1669934369, 1, 335, 558, 0, 0, 2.75%, 96, 0, 0, 150.00, 38564, 22990, 2.69%
1669934369, 1, 341, 558, 0, 0, 2.75%, 96, 0, 0, 113.92, 38583, 23007, 2.69%
1669934369, 1, 346, 558, 0, 0, 2.75%, 96, 0, 0, 116.28, 38598, 23027, 2.69%
1669934370, 1, 354, 558, 0, 0, 2.75%, 96, 0, 0, 188.12, 38631, 23051, 2.69%
1669934370, 1, 361, 558, 0, 0, 2.75%, 96, 0, 0, 256.67, 38683, 23076, 2.69%
1669934370, 1, 367, 558, 0, 0, 2.75%, 96, 0, 0, 246.67, 38730, 23103, 2.69%
1669934371, 1, 371, 559, 0, 0, 2.75%, 96, 0, 0, 131.15, 38752, 23121, 2.69%
1669934371, 1, 375, 559, 0, 0, 2.75%, 97, 0, 0, 165.02, 38780, 23143, 2.69%
1669934371, 1, 378, 559, 0, 0, 2.75%, 97, 0, 0, 120.52, 38798, 23162, 2.69%
1669934372, 1, 383, 559, 0, 0, 2.75%, 97, 0, 0, 199.34, 38835, 23185, 2.69%
1669934372, 1, 390, 559, 0, 0, 2.75%, 98, 0, 0, 273.93, 38883, 23220, 2.69%
1669934372, 1, 396, 559, 0, 0, 2.75%, 98, 0, 0, 167.21, 38922, 23232, 2.69%
1669934373, 1, 396, 559, 0, 0, 2.75%, 98, 0, 0, 72.13, 38936, 23240, 2.69%
1669934373, 1, 396, 559, 0, 0, 2.75%, 98, 0, 0, 53.97, 38947, 23246, 2.69%
1669934373, 1, 396, 559, 0, 0, 2.75%, 98, 0, 0, 62.71, 38960, 23252, 2.69%
1669934373, 1, 396, 559, 0, 0, 2.75%, 98, 0, 0, 68.85, 38974, 23259, 2.69%
1669934374, 1, 396, 559, 0, 0, 2.75%, 98, 0, 0, 56.11, 38987, 23263, 2.69%
1669934374, 1, 396, 559, 0, 0, 2.75%, 98, 0, 0, 65.02, 39003, 23268, 2.69%
1669934374, 1, 396, 559, 0, 0, 2.75%, 98, 0, 0, 57.69, 39019, 23270, 2.69%
1669934375, 1, 396, 559, 0, 0, 2.75%, 98, 0, 0, 77.17, 39036, 23277, 2.69%
1669934375, 1, 399, 559, 0, 0, 2.75%, 98, 0, 0, 92.72, 39055, 23286, 2.69%
1669934375, 1, 400, 559, 0, 0, 2.75%, 98, 0, 0, 159.47, 39092, 23297, 2.69%
1669934376, 1, 400, 560, 0, 0, 2.75%, 98, 0, 0, 93.02, 39105, 23312, 2.69%
1669934376, 1, 400, 560, 0, 0, 2.75%, 98, 0, 0, 123.33, 39130, 23324, 2.69%
1669934376, 1, 400, 560, 0, 0, 2.75%, 98, 0, 0, 163.93, 39156, 23348, 2.69%
1669934376, 1, 400, 560, 0, 0, 2.75%, 98, 0, 0, 222.59, 39192, 23379, 2.69%
1669934377, 1, 400, 560, 0, 0, 2.75%, 98, 0, 0, 196.08, 39226, 23405, 2.69%
1669934377, 1, 400, 560, 0, 0, 2.75%, 98, 0, 0, 194.81, 39263, 23428, 2.69%
1669934377, 1, 400, 560, 0, 0, 2.75%, 98, 0, 0, 188.74, 39294, 23454, 2.69%
1669934378, 1, 400, 560, 0, 0, 2.75%, 98, 0, 0, 161.72, 39320, 23477, 2.69%
1669934378, 1, 401, 560, 0, 0, 2.75%, 98, 0, 0, 212.62, 39354, 23507, 2.69%
1669934378, 1, 401, 560, 0, 0, 2.75%, 98, 0, 0, 301.32, 39407, 23545, 2.69%
1669934379, 1, 401, 560, 0, 0, 2.75%, 98, 0, 0, 149.50, 39432, 23565, 2.69%
1669934379, 1, 401, 560, 0, 0, 2.75%, 98, 0, 0, 110.75, 39454, 23577, 2.69%
1669934379, 1, 401, 560, 0, 0, 2.75%, 99, 0, 0, 246.67, 39501, 23604, 2.69%
1669934380, 1, 401, 560, 0, 0, 2.75%, 99, 0, 0, 256.67, 39552, 23630, 2.69%
1669934380, 1, 402, 560, 0, 0, 2.75%, 99, 0, 0, 179.40, 39583, 23653, 2.69%
1669934380, 1, 402, 560, 0, 0, 2.75%, 100, 0, 0, 108.55, 39605, 23664, 2.69%
1669934380, 1, 402, 560, 0, 0, 2.75%, 100, 0, 0, 136.67, 39630, 23680, 2.69%
1669934381, 1, 402, 561, 0, 0, 2.75%, 100, 0, 0, 119.21, 39658, 23688, 2.69%
1669934381, 1, 402, 561, 0, 0, 2.75%, 100, 0, 0, 122.58, 39683, 23701, 2.69%
1669934381, 1, 402, 561, 0, 0, 2.75%, 100, 0, 0, 108.55, 39705, 23712, 2.69%
1669934382, 1, 402, 561, 0, 0, 2.75%, 100, 0, 0, 131.58, 39728, 23729, 2.69%
1669934382, 1, 402, 561, 0, 0, 2.75%, 100, 0, 0, 75.66, 39741, 23739, 2.69%
1669934382, 1, 402, 562, 0, 0, 2.75%, 100, 0, 0, 89.74, 39760, 23748, 2.69%
1669934383, 1, 402, 562, 0, 0, 2.75%, 100, 0, 0, 135.48, 39787, 23763, 2.69%
1669934383, 1, 402, 562, 0, 0, 2.75%, 101, 0, 0, 132.89, 39810, 23780, 2.69%
1669934383, 1, 402, 562, 0, 0, 2.75%, 101, 0, 0, 122.19, 39833, 23795, 2.69%
1669934383, 1, 406, 562, 0, 0, 2.75%, 101, 0, 0, 140.98, 39852, 23819, 2.69%
1669934384, 1, 407, 562, 0, 0, 2.75%, 101, 0, 0, 69.77, 39869, 23823, 2.69%
1669934384, 1, 411, 562, 0, 0, 2.75%, 101, 0, 0, 126.67, 39877, 23853, 2.69%
1669934384, 1, 413, 562, 0, 0, 2.75%, 101, 0, 0, 113.64, 39888, 23877, 2.69%
1669934385, 1, 418, 562, 0, 0, 2.75%, 101, 0, 0, 205.21, 39916, 23912, 2.69%
1669934385, 1, 422, 562, 0, 0, 2.75%, 103, 0, 0, 108.02, 39928, 23935, 2.69%
1669934385, 1, 424, 562, 0, 0, 2.75%, 103, 0, 0, 105.61, 39933, 23962, 2.69%
1669934386, 1, 424, 562, 0, 0, 2.75%, 103, 0, 0, 128.29, 39934, 24000, 2.69%
1669934386, 1, 426, 562, 0, 0, 2.75%, 103, 0, 0, 126.67, 39945, 24027, 2.69%
1669934386, 1, 429, 562, 0, 0, 2.75%, 103, 0, 0, 158.42, 39979, 24041, 2.69%
1669934387, 1, 431, 562, 0, 0, 2.75%, 103, 0, 0, 262.46, 40035, 24064, 2.69%
1669934387, 1, 431, 562, 0, 0, 2.75%, 103, 0, 0, 326.67, 40107, 24090, 2.69%
1669934387, 1, 433, 562, 0, 0, 2.75%, 103, 0, 0, 264.90, 40165, 24112, 2.69%
1669934387, 1, 435, 562, 0, 0, 2.75%, 103, 0, 0, 161.72, 40195, 24131, 2.69%
1669934388, 1, 437, 562, 0, 0, 2.75%, 104, 0, 0, 205.30, 40220, 24168, 2.69%
1669934388, 1, 439, 562, 0, 0, 2.75%, 104, 0, 0, 182.72, 40251, 24192, 2.69%
1669934388, 1, 440, 562, 0, 0, 2.75%, 104, 0, 0, 90.00, 40268, 24202, 2.69%
1669934389, 1, 441, 562, 0, 0, 2.75%, 104, 0, 0, 114.75, 40287, 24218, 2.69%
1669934389, 1, 443, 562, 0, 0, 2.75%, 104, 0, 0, 149.50, 40313, 24237, 2.69%
1669934389, 1, 445, 562, 0, 0, 2.75%, 104, 0, 0, 138.16, 40335, 24257, 2.69%
1669934390, 1, 446, 562, 0, 0, 2.75%, 104, 0, 0, 115.89, 40359, 24268, 2.69%
1669934390, 1, 449, 562, 0, 0, 2.75%, 104, 0, 0, 153.09, 40380, 24294, 2.69%
1669934390, 1, 451, 562, 0, 0, 2.75%, 104, 0, 0, 142.86, 40406, 24312, 2.69%
1669934390, 1, 456, 562, 0, 0, 2.75%, 104, 0, 0, 156.67, 40413, 24352, 2.69%
1669934391, 1, 457, 563, 0, 0, 2.75%, 104, 0, 0, 69.77, 40424, 24362, 2.69%
1669934391, 1, 460, 563, 0, 0, 2.75%, 104, 0, 0, 123.38, 40440, 24384, 2.69%
1669934391, 1, 463, 563, 0, 0, 2.75%, 104, 0, 0, 150.64, 40456, 24415, 2.69%
1669934392, 1, 464, 563, 0, 0, 2.75%, 104, 0, 0, 118.03, 40473, 24434, 2.69%
1669934392, 1, 465, 563, 0, 0, 2.75%, 104, 0, 0, 87.95, 40487, 24447, 2.69%
1669934392, 1, 467, 563, 0, 0, 2.75%, 104, 0, 0, 126.21, 40510, 24463, 2.69%
1669934393, 1, 468, 563, 0, 0, 2.75%, 104, 0, 0, 112.90, 40534, 24474, 2.69%
1669934393, 1, 471, 563, 0, 0, 2.75%, 104, 0, 0, 105.96, 40553, 24487, 2.69%
1669934393, 1, 472, 563, 0, 0, 2.75%, 104, 0, 0, 88.07, 40563, 24508, 2.69%
1669934394, 1, 473, 564, 0, 0, 2.75%, 104, 0, 0, 49.83, 40566, 24520, 2.69%
1669934394, 1, 476, 564, 0, 0, 2.75%, 104, 0, 0, 153.33, 40589, 24543, 2.69%
1669934394, 1, 477, 565, 0, 0, 2.75%, 104, 0, 0, 50.00, 40599, 24551, 2.69%
1669934395, 1, 478, 565, 0, 0, 2.75%, 104, 0, 0, 40.50, 40604, 24559, 2.69%
1669934395, 1, 478, 565, 0, 0, 2.75%, 104, 0, 0, 40.37, 40609, 24567, 2.69%
1669934395, 1, 478, 565, 0, 0, 2.75%, 104, 0, 0, 29.32, 40613, 24572, 2.69%
1669934396, 1, 479, 565, 0, 0, 2.75%, 104, 0, 0, 25.59, 40615, 24583, 2.69%
1669934396, 1, 479, 565, 0, 0, 2.75%, 104, 0, 0, 12.61, 40618, 24586, 2.69%
1669934396, 1, 479, 565, 0, 0, 2.75%, 104, 0, 0, 9.74, 40620, 24587, 2.69%
1669934397, 1, 480, 566, 0, 0, 2.75%, 104, 0, 0, 16.53, 40622, 24591, 2.69%
1669934397, 1, 480, 567, 0, 0, 2.75%, 104, 0, 0, 32.34, 40626, 24600, 2.69%
1669934398, 1, 482, 567, 0, 0, 2.75%, 104, 0, 0, 103.33, 40638, 24619, 2.69%
1669934398, 1, 484, 567, 0, 0, 2.75%, 104, 0, 0, 129.57, 40660, 24636, 2.69%
1669934398, 1, 485, 568, 0, 0, 2.75%, 104, 0, 0, 110.39, 40675, 24655, 2.69%
1669934398, 1, 485, 568, 0, 0, 2.75%, 104, 0, 0, 26.55, 40678, 24661, 2.69%
1669934399, 1, 486, 568, 0, 0, 2.75%, 104, 0, 0, 45.31, 40680, 24673, 2.69%
1669934399, 1, 486, 568, 0, 0, 2.75%, 104, 0, 0, 27.62, 40685, 24678, 2.69%
1669934400, 1, 486, 568, 0, 0, 2.75%, 104, 0, 0, 13.40, 40690, 24678, 2.69%
1669934400, 1, 489, 570, 0, 0, 2.75%, 104, 0, 0, 56.25, 40695, 24700, 2.69%
1669934400, 1, 489, 570, 0, 0, 2.75%, 104, 0, 0, 10.80, 40697, 24703, 2.69%
1669934401, 1, 489, 570, 0, 0, 2.75%, 104, 0, 0, 6.76, 40699, 24704, 2.69%
1669934401, 1, 489, 571, 0, 0, 2.75%, 104, 0, 0, 42.76, 40700, 24716, 2.69%
1669934402, 1, 490, 571, 0, 0, 2.75%, 104, 0, 0, 22.28, 40707, 24717, 2.69%
1669934402, 1, 490, 571, 0, 0, 2.75%, 104, 0, 0, 29.85, 40713, 24721, 2.69%
1669934402, 1, 491, 571, 0, 0, 2.75%, 104, 0, 0, 43.08, 40718, 24730, 2.69%
1669934403, 1, 491, 571, 0, 0, 2.75%, 104, 0, 0, 63.83, 40729, 24740, 2.69%
1669934403, 1, 493, 571, 0, 0, 2.75%, 104, 0, 0, 104.58, 40737, 24764, 2.69%
1669934403, 1, 494, 571, 0, 0, 2.75%, 104, 0, 0, 80.65, 40745, 24781, 2.69%
1669934404, 1, 494, 571, 0, 0, 2.75%, 104, 0, 0, 32.54, 40750, 24787, 2.69%
1669934404, 1, 495, 571, 0, 0, 2.75%, 104, 0, 0, 66.07, 40759, 24800, 2.69%
1669934404, 1, 495, 571, 0, 0, 2.75%, 104, 0, 0, 57.14, 40768, 24809, 2.69%
1669934405, 1, 496, 571, 0, 0, 2.75%, 104, 0, 0, 77.88, 40778, 24824, 2.69%
1669934405, 1, 498, 571, 0, 0, 2.75%, 104, 0, 0, 54.37, 40788, 24842, 2.69%
1669934406, 1, 498, 571, 0, 0, 2.75%, 104, 0, 0, 5.86, 40790, 24843, 2.69%
1669934406, 1, 498, 571, 0, 0, 2.75%, 104, 0, 0, 10.77, 40793, 24846, 2.69%
1669934406, 1, 498, 571, 0, 0, 2.75%, 104, 0, 0, 22.88, 40794, 24852, 2.69%
1669934407, 1, 499, 571, 0, 0, 2.75%, 104, 0, 0, 92.72, 40809, 24865, 2.69%
1669934407, 1, 500, 571, 0, 0, 2.75%, 104, 0, 0, 32.05, 40812, 24872, 2.69%
1669934407, 1, 500, 571, 0, 0, 2.75%, 104, 0, 0, 15.04, 40815, 24875, 2.69%
1669934408, 1, 500, 571, 0, 0, 2.75%, 104, 0, 0, 8.57, 40818, 24875, 2.69%
1669934408, 1, 501, 571, 0, 0, 2.75%, 104, 0, 0, 56.11, 40824, 24886, 2.69%
1669934408, 1, 501, 571, 0, 0, 2.75%, 104, 0, 0, 53.33, 40833, 24893, 2.69%
1669934409, 1, 503, 571, 0, 0, 2.75%, 104, 0, 0, 79.62, 40841, 24910, 2.69%
1669934409, 1, 504, 571, 0, 0, 2.75%, 104, 0, 0, 81.00, 40851, 24926, 2.69%
1669934409, 1, 505, 571, 0, 0, 2.75%, 104, 0, 0, 75.84, 40858, 24946, 2.69%
1669934410, 1, 505, 571, 0, 0, 2.75%, 104, 0, 0, 19.74, 40862, 24948, 2.69%
1669934410, 1, 506, 571, 0, 0, 2.75%, 104, 0, 0, 56.43, 40867, 24961, 2.69%
1669934410, 1, 506, 571, 0, 0, 2.75%, 104, 0, 0, 56.29, 40874, 24971, 2.69%
1669934411, 1, 507, 571, 0, 0, 2.75%, 104, 0, 0, 31.35, 40880, 24975, 2.69%
1669934411, 1, 507, 571, 0, 0, 2.75%, 104, 0, 0, 42.04, 40885, 24984, 2.69%
1669934411, 1, 508, 571, 0, 0, 2.75%, 105, 0, 0, 83.60, 40894, 25001, 2.69%
1669934412, 1, 509, 571, 0, 0, 2.75%, 105, 0, 0, 70.38, 40904, 25015, 2.69%
1669934412, 1, 510, 571, 0, 0, 2.75%, 105, 0, 0, 69.54, 40909, 25031, 2.69%
1669934412, 1, 511, 571, 0, 0, 2.75%, 105, 0, 0, 60.69, 40916, 25045, 2.69%
1669934413, 1, 511, 571, 0, 0, 2.75%, 105, 0, 0, 37.50, 40922, 25051, 2.69%
1669934413, 1, 511, 571, 0, 0, 2.75%, 105, 0, 0, 16.61, 40926, 25052, 2.69%
1669934413, 1, 511, 571, 0, 0, 2.75%, 105, 0, 0, 25.81, 40930, 25056, 2.69%
1669934413, 1, 513, 571, 0, 0, 2.75%, 105, 0, 0, 85.17, 40935, 25078, 2.69%
1669934414, 1, 515, 571, 0, 0, 2.75%, 105, 0, 0, 83.33, 40944, 25096, 2.69%
1669934414, 1, 515, 571, 0, 0, 2.75%, 105, 0, 0, 54.05, 40952, 25106, 2.69%
1669934414, 1, 517, 571, 0, 0, 2.75%, 105, 0, 0, 123.78, 40965, 25131, 2.69%
1669934415, 1, 518, 571, 0, 0, 2.75%, 105, 0, 0, 91.48, 40979, 25146, 2.69%
1669934415, 1, 518, 571, 0, 0, 2.75%, 105, 0, 0, 42.90, 40988, 25150, 2.69%
1669934415, 1, 519, 571, 0, 0, 2.75%, 105, 0, 0, 47.32, 40995, 25158, 2.69%
1669934416, 1, 519, 571, 0, 0, 2.75%, 105, 0, 0, 24.46, 41000, 25161, 2.69%
1669934416, 1, 519, 571, 0, 0, 2.75%, 105, 0, 0, 40.58, 41005, 25170, 2.69%
1669934416, 1, 520, 571, 0, 0, 2.75%, 105, 0, 0, 79.47, 41012, 25187, 2.69%
1669934417, 1, 521, 571, 0, 0, 2.75%, 105, 0, 0, 21.08, 41018, 25190, 2.69%
1669934417, 1, 521, 573, 0, 0, 2.75%, 105, 0, 0, 12.16, 41020, 25192, 2.69%
1669934417, 1, 521, 573, 0, 0, 2.75%, 105, 0, 0, 18.52, 41023, 25195, 2.69%
1669934418, 1, 521, 573, 0, 0, 2.75%, 105, 0, 0, 49.67, 41026, 25207, 2.69%
1669934418, 1, 522, 573, 0, 0, 2.75%, 105, 0, 0, 42.76, 41028, 25218, 2.69%
1669934418, 1, 523, 573, 0, 0, 2.75%, 105, 0, 0, 45.20, 41032, 25230, 2.69%
1669934419, 1, 523, 574, 0, 0, 2.75%, 105, 0, 0, 30.46, 41036, 25238, 2.69%
1669934419, 1, 523, 574, 0, 0, 2.75%, 105, 0, 0, 15.15, 41039, 25240, 2.69%
1669934419, 1, 525, 574, 0, 0, 2.75%, 105, 0, 0, 104.23, 41052, 25259, 2.69%
1669934420, 1, 526, 574, 0, 0, 2.75%, 105, 0, 0, 66.28, 41059, 25275, 2.69%
1669934420, 1, 526, 574, 0, 0, 2.75%, 106, 0, 0, 20.96, 41064, 25277, 2.69%
1669934420, 1, 526, 574, 0, 0, 2.75%, 106, 0, 0, 39.44, 41070, 25285, 2.69%
1669934421, 1, 527, 575, 0, 0, 2.75%, 106, 0, 0, 29.85, 41075, 25290, 2.69%
1669934421, 1, 527, 575, 0, 0, 2.75%, 106, 0, 0, 49.67, 41082, 25298, 2.69%
1669934421, 1, 528, 576, 0, 0, 2.75%, 106, 0, 0, 52.81, 41089, 25307, 2.69%
1669934422, 1, 528, 576, 0, 0, 2.75%, 106, 0, 0, 125.41, 41091, 25343, 2.69%
1669934422, 1, 528, 576, 0, 0, 2.75%, 106, 0, 0, 50.13, 41093, 25360, 2.69%
1669934422, 1, 528, 576, 0, 0, 2.75%, 106, 0, 0, 111.11, 41095, 25392, 2.69%
1669934423, 1, 528, 576, 0, 0, 2.75%, 106, 0, 0, 165.02, 41102, 25435, 2.69%
1669934423, 1, 528, 576, 0, 0, 2.75%, 106, 0, 0, 128.71, 41105, 25471, 2.69%
1669934423, 1, 529, 576, 0, 0, 2.75%, 106, 0, 0, 116.28, 41107, 25504, 2.69%
1669934424, 1, 530, 576, 0, 0, 2.75%, 106, 0, 0, 38.58, 41113, 25511, 2.69%
1669934424, 1, 530, 576, 0, 0, 2.75%, 106, 0, 0, 52.98, 41119, 25521, 2.69%
1669934424, 1, 532, 577, 0, 0, 2.75%, 106, 0, 0, 81.00, 41124, 25542, 2.69%
1669934425, 1, 532, 577, 0, 0, 2.75%, 106, 0, 0, 44.08, 41133, 25549, 2.69%
1669934425, 1, 533, 577, 0, 0, 2.75%, 106, 0, 0, 36.62, 41142, 25553, 2.69%
1669934425, 1, 533, 578, 0, 0, 2.75%, 106, 0, 0, 27.19, 41146, 25558, 2.69%
1669934426, 1, 533, 578, 0, 0, 2.75%, 106, 0, 0, 44.12, 41151, 25568, 2.69%
1669934426, 1, 534, 578, 0, 0, 2.75%, 106, 0, 0, 56.48, 41156, 25580, 2.69%
1669934426, 1, 535, 578, 0, 0, 2.75%, 106, 0, 0, 51.87, 41161, 25593, 2.69%
1669934427, 1, 535, 578, 0, 0, 2.75%, 106, 0, 0, 49.50, 41169, 25600, 2.69%
1669934427, 1, 536, 578, 0, 0, 2.75%, 106, 0, 0, 89.40, 41173, 25623, 2.69%
1669934427, 1, 537, 578, 0, 0, 2.75%, 106, 0, 0, 70.00, 41179, 25638, 2.69%
1669934428, 1, 537, 578, 0, 0, 2.75%, 106, 0, 0, 76.19, 41193, 25648, 2.69%
1669934428, 1, 537, 578, 0, 0, 2.75%, 106, 0, 0, 96.35, 41202, 25668, 2.69%
1669934428, 1, 537, 578, 0, 0, 2.75%, 106, 0, 0, 111.46, 41215, 25691, 2.69%
1669934428, 1, 537, 578, 0, 0, 2.75%, 106, 0, 0, 89.40, 41225, 25708, 2.69%
1669934429, 1, 537, 578, 0, 0, 2.75%, 106, 0, 0, 88.52, 41236, 25724, 2.69%
1669934429, 1, 537, 578, 0, 0, 2.75%, 107, 0, 0, 96.67, 41249, 25740, 2.69%
1669934429, 1, 537, 578, 0, 0, 2.75%, 107, 0, 0, 63.29, 41257, 25752, 2.69%
1669934430, 1, 537, 578, 0, 0, 2.75%, 107, 0, 0, 105.61, 41271, 25770, 2.69%
1669934430, 1, 537, 578, 0, 0, 2.75%, 107, 0, 0, 62.11, 41282, 25779, 2.69%
1669934430, 1, 537, 579, 0, 0, 2.75%, 107, 0, 0, 93.75, 41291, 25800, 2.69%
1669934431, 1, 537, 579, 0, 0, 2.75%, 107, 0, 0, 121.71, 41307, 25821, 2.69%
1669934431, 1, 537, 579, 0, 0, 2.75%, 107, 0, 0, 93.02, 41318, 25838, 2.69%
1669934431, 1, 537, 579, 0, 0, 2.75%, 107, 0, 0, 81.00, 41331, 25851, 2.69%
1669934432, 1, 537, 581, 0, 0, 2.75%, 107, 0, 0, 77.42, 41344, 25862, 2.69%
1669934432, 1, 537, 581, 0, 0, 2.75%, 107, 0, 0, 100.32, 41356, 25881, 2.69%
1669934432, 1, 537, 581, 0, 0, 2.75%, 107, 0, 0, 92.72, 41366, 25899, 2.69%
1669934432, 1, 538, 581, 0, 0, 2.75%, 107, 0, 0, 38.69, 41372, 25906, 2.69%
1669934433, 1, 538, 582, 0, 0, 2.75%, 107, 0, 0, 43.33, 41378, 25913, 2.69%
1669934433, 1, 541, 582, 0, 0, 2.75%, 107, 0, 0, 66.01, 41384, 25927, 2.69%
1669934433, 1, 542, 582, 0, 0, 2.75%, 107, 0, 0, 119.60, 41408, 25939, 2.69%
1669934434, 1, 543, 582, 0, 0, 2.75%, 107, 0, 0, 56.11, 41416, 25948, 2.69%
1669934434, 1, 544, 584, 0, 0, 2.76%, 107, 0, 0, 444.44, 41486, 25974, 2.69%
